"game_id","home_odds","away_odds","ot_odds","home_result","away_result","ot_result"
"2022-10-11LAKVGK","0.42553","0.3937","0.23529","0","1","0"
"2022-10-11NYRTBL","0.44248","0.36765","0.24096","1","0","0"
"2022-10-12ANASEA","0.42735","0.39062","0.24096","0","0","1"
"2022-10-12CARCBJ","0.625","0.22371","0.20877","1","0","0"
"2022-10-12COLCHI","0.69444","0.17544","0.18248","1","0","0"
"2022-10-12EDMVAN","0.54054","0.29412","0.21978","1","0","0"
"2022-10-12MTLTOR","0.24752","0.60241","0.20492","1","0","0"
"2022-10-12WSHBOS","0.46296","0.35211","0.23256","0","1","0"
"2022-10-13BUFOTT","0.39526","0.4329","0.23202","1","0","0"
"2022-10-13CGYCOL","0.46083","0.35971","0.23256","1","0","0"
"2022-10-13LAKSEA","0.52632","0.30303","0.22573","0","1","0"
"2022-10-13MINNYR","0.44053","0.37175","0.23923","0","1","0"
"2022-10-13NSHDAL","0.46083","0.35461","0.23981","0","1","0"
"2022-10-13NYIFLA","0.35714","0.46296","0.23585","0","1","0"
"2022-10-13PHINJD","0.37736","0.44053","0.23529","1","0","0"
"2022-10-13PITARI","0.70423","0.16807","0.18484","1","0","0"
"2022-10-13TORWSH","0.56497","0.28169","0.21277","1","0","0"
"2022-10-13VGKCHI","0.68027","0.18692","0.18868","1","0","0"
"2022-10-14CBJTBL","0.28249","0.55249","0.22624","0","1","0"
"2022-10-14DETMTL","0.52356","0.30581","0.22573","1","0","0"
"2022-10-14SJSCAR","0.27473","0.55866","0.22173","0","1","0"
"2022-10-14WPGNYR","0.45872","0.36364","0.22779","1","0","0"
"2022-10-15BOSARI","0.66667","0.1912","0.19646","1","0","0"
"2022-10-15BUFFLA","0.29674","0.54348","0.21505","0","1","0"
"2022-10-15DALNSH","0.44248","0.37175","0.24038","1","0","0"
"2022-10-15EDMCGY","0.46512","0.36232","0.22272","0","1","0"
"2022-10-15MINLAK","0.52083","0.30581","0.22989","0","1","0"
"2022-10-15NJDDET","0.52083","0.31546","0.22075","0","1","0"
"2022-10-15NYIANA","0.51813","0.30395","0.23419","1","0","0"
"2022-10-15PHIVAN","0.32895","0.4902","0.23419","1","0","0"
"2022-10-15PITTBL","0.5","0.3268","0.22472","1","0","0"
"2022-10-15SEAVGK","0.3663","0.45662","0.23202","0","1","0"
"2022-10-15SJSCHI","0.47847","0.3413","0.23697","0","1","0"
"2022-10-15STLCBJ","0.60606","0.23753","0.21053","1","0","0"
"2022-10-15TOROTT","0.59172","0.26247","0.20877","1","0","0"
"2022-10-15WSHMTL","0.65789","0.20325","0.19493","1","0","0"
"2022-10-17BOSFLA","0.369","0.45045","0.23095","1","0","0"
"2022-10-17DALWPG","0.47619","0.34602","0.23474","1","0","0"
"2022-10-17DETLAK","0.36496","0.45662","0.23364","0","0","1"
"2022-10-17MINCOL","0.39216","0.4329","0.23095","0","1","0"
"2022-10-17MTLPIT","0.24331","0.60241","0.20877","0","0","1"
"2022-10-17NYRANA","0.60606","0.23419","0.21598","1","0","0"
"2022-10-17SEACAR","0.30864","0.51813","0.23095","0","1","0"
"2022-10-17TORARI","0.74627","0.14493","0.16639","0","1","0"
"2022-10-17WSHVAN","0.45872","0.36101","0.23641","1","0","0"
"2022-10-18CBJVAN","0.41494","0.40486","0.23641","0","0","1"
"2022-10-18CGYVGK","0.49505","0.32573","0.23202","1","0","0"
"2022-10-18EDMBUF","0.59524","0.25641","0.20534","0","1","0"
"2022-10-18NJDANA","0.54348","0.29155","0.22124","1","0","0"
"2022-10-18NSHLAK","0.5102","0.31056","0.23202","0","0","1"
"2022-10-18NYISJS","0.54945","0.27855","0.22727","1","0","0"
"2022-10-18OTTBOS","0.44643","0.37313","0.23585","1","0","0"
"2022-10-18TBLPHI","0.64516","0.20747","0.2045","0","1","0"
"2022-10-19COLWPG","0.58824","0.24938","0.21277","0","0","1"
"2022-10-19FLAPHI","0.68027","0.18939","0.18762","1","0","0"
"2022-10-19SEASTL","0.35842","0.46296","0.23364","0","0","1"
"2022-10-20BOSANA","0.5848","0.2584","0.21142","0","0","1"
"2022-10-20CBJNSH","0.36232","0.46512","0.22989","1","0","0"
"2022-10-20CGYBUF","0.625","0.22676","0.2045","0","1","0"
"2022-10-20EDMCAR","0.42017","0.40486","0.22676","1","0","0"
"2022-10-20MINVAN","0.53476","0.30211","0.2193","0","0","1"
"2022-10-20MTLARI","0.51813","0.31546","0.22883","1","0","0"
"2022-10-20NYINJD","0.4878","0.33557","0.23202","0","1","0"
"2022-10-20NYRSJS","0.63291","0.21692","0.20704","0","0","1"
"2022-10-20OTTWSH","0.42373","0.4","0.23256","1","0","0"
"2022-10-20PITLAK","0.53476","0.29586","0.21978","1","0","0"
"2022-10-20TORDAL","0.54054","0.29326","0.22321","0","0","1"
"2022-10-20VGKWPG","0.5814","0.26178","0.21231","1","0","0"
"2022-10-21CHIDET","0.3876","0.43478","0.23585","0","0","1"
"2022-10-21COLSEA","0.59524","0.25381","0.20704","0","1","0"
"2022-10-21FLATBL","0.42194","0.40816","0.22422","0","0","1"
"2022-10-22BOSMIN","0.42553","0.39841","0.22989","0","0","1"
"2022-10-22CBJPIT","0.32051","0.5102","0.22422","0","1","0"
"2022-10-22CGYCAR","0.47393","0.35088","0.23095","0","0","1"
"2022-10-22EDMSTL","0.49261","0.33784","0.22371","0","1","0"
"2022-10-22MTLDAL","0.3096","0.51282","0.23202","0","1","0"
"2022-10-22NJDSJS","0.54645","0.28653","0.22124","1","0","0"
"2022-10-22NSHPHI","0.56818","0.26667","0.22272","0","1","0"
"2022-10-22OTTARI","0.62112","0.22779","0.20747","1","0","0"
"2022-10-22TBLNYI","0.45872","0.36496","0.23148","1","0","0"
"2022-10-22VANBUF","0.5","0.3268","0.22779","0","1","0"
"2022-10-22VGKCOL","0.44643","0.37594","0.22727","0","1","0"
"2022-10-22WPGTOR","0.31746","0.51546","0.22222","0","1","0"
"2022-10-22WSHLAK","0.4717","0.35088","0.23256","1","0","0"
"2022-10-23CHISEA","0.35211","0.4717","0.23148","1","0","0"
"2022-10-23DETANA","0.46512","0.36101","0.23041","1","0","0"
"2022-10-23FLANYI","0.54945","0.28169","0.2193","1","0","0"
"2022-10-23NYRCBJ","0.61728","0.23202","0.20704","0","1","0"
"2022-10-23PHISJS","0.44843","0.37037","0.2381","0","1","0"
"2022-10-24EDMPIT","0.45662","0.37175","0.22321","1","0","0"
"2022-10-24NJDWSH","0.45249","0.37175","0.22936","0","1","0"
"2022-10-24OTTDAL","0.40984","0.41322","0.23256","1","0","0"
"2022-10-24VANCAR","0.32258","0.51282","0.22831","0","1","0"
"2022-10-24VGKTOR","0.41152","0.42553","0.22573","1","0","0"
"2022-10-24WPGSTL","0.41494","0.40323","0.23697","1","0","0"
"2022-10-25BOSDAL","0.51813","0.30769","0.23041","1","0","0"
"2022-10-25CBJARI","0.59172","0.25445","0.20964","0","1","0"
"2022-10-25CGYPIT","0.5291","0.30488","0.22075","1","0","0"
"2022-10-25CHIFLA","0.26247","0.5814","0.21142","1","0","0"
"2022-10-25DETNJD","0.41841","0.4065","0.23041","0","1","0"
"2022-10-25LAKTBL","0.36765","0.45662","0.23041","1","0","0"
"2022-10-25MTLMIN","0.2809","0.56497","0.21322","0","1","0"
"2022-10-25NYRCOL","0.41322","0.40486","0.23256","0","0","1"
"2022-10-25SEABUF","0.45455","0.37313","0.22779","1","0","0"
"2022-10-25SJSVGK","0.32468","0.50505","0.22831","0","1","0"
"2022-10-26ANATBL","0.33898","0.49261","0.22272","0","1","0"
"2022-10-26NYINYR","0.46729","0.35336","0.23095","1","0","0"
"2022-10-26STLEDM","0.4065","0.42373","0.22624","0","1","0"
"2022-10-27BOSDET","0.5988","0.24213","0.21368","1","0","0"
"2022-10-27BUFMTL","0.53763","0.30211","0.22026","0","1","0"
"2022-10-27CHIEDM","0.27548","0.57143","0.21008","0","1","0"
"2022-10-27DALWSH","0.4386","0.37453","0.23866","1","0","0"
"2022-10-27LAKWPG","0.4717","0.34965","0.23419","0","1","0"
"2022-10-27NSHSTL","0.5102","0.3125","0.22831","1","0","0"
"2022-10-27OTTMIN","0.3876","0.44053","0.22624","0","1","0"
"2022-10-27PHIFLA","0.26954","0.56818","0.21552","1","0","0"
"2022-10-27SEAVAN","0.45249","0.369","0.23148","0","1","0"
"2022-10-27SJSTOR","0.26042","0.5814","0.21459","0","0","1"
"2022-10-28ARIWPG","0.3413","0.49261","0.22573","0","0","1"
"2022-10-28CARNYI","0.54945","0.28011","0.22222","0","1","0"
"2022-10-28CBJBOS","0.34483","0.48309","0.22989","0","1","0"
"2022-10-28NJDCOL","0.37037","0.45872","0.22831","1","0","0"
"2022-10-28VANPIT","0.28249","0.55556","0.22075","1","0","0"
"2022-10-28VGKANA","0.63694","0.21882","0.20408","1","0","0"
"2022-10-29BUFCHI","0.54645","0.29851","0.21978","0","0","1"
"2022-10-29CGYEDM","0.5","0.33445","0.22173","0","1","0"
"2022-10-29DALNYR","0.3937","0.41841","0.23866","0","1","0"
"2022-10-29DETMIN","0.33445","0.5","0.22624","1","0","0"
"2022-10-29FLAOTT","0.54348","0.29499","0.21505","1","0","0"
"2022-10-29LAKTOR","0.36232","0.47393","0.22624","1","0","0"
"2022-10-29NSHWSH","0.46083","0.35714","0.2381","0","1","0"
"2022-10-29NYICOL","0.35461","0.46296","0.23753","1","0","0"
"2022-10-29PHICAR","0.28736","0.54054","0.22779","0","0","1"
"2022-10-29SEAPIT","0.37879","0.45249","0.23041","1","0","0"
"2022-10-29SJSTBL","0.28653","0.54348","0.22573","0","1","0"
"2022-10-29STLMTL","0.5988","0.24331","0.21231","0","1","0"
"2022-10-30ANATOR","0.29586","0.54348","0.21739","0","0","1"
"2022-10-30ARINYR","0.24876","0.5988","0.21322","0","1","0"
"2022-10-30CHIMIN","0.25126","0.59524","0.21413","0","0","1"
"2022-10-30NJDCBJ","0.55866","0.28011","0.21552","1","0","0"
"2022-10-30VGKWPG","0.55249","0.27933","0.22026","0","0","1"
"2022-10-31BUFDET","0.49505","0.3367","0.22676","1","0","0"
"2022-10-31CARWSH","0.55866","0.27322","0.22371","0","0","1"
"2022-10-31STLLAK","0.45045","0.36765","0.2381","0","1","0"
"2022-11-01ARIFLA","0.21459","0.64103","0.19881","1","0","0"
"2022-11-01CGYSEA","0.57471","0.26596","0.21645","0","1","0"
"2022-11-01CHINYI","0.28329","0.54945","0.22272","0","1","0"
"2022-11-01DALLAK","0.4717","0.35461","0.22989","1","0","0"
"2022-11-01EDMNSH","0.51813","0.31646","0.22124","1","0","0"
"2022-11-01MINMTL","0.59172","0.25063","0.21277","1","0","0"
"2022-11-01NYRPHI","0.60241","0.23697","0.21598","0","0","1"
"2022-11-01PITBOS","0.43103","0.39062","0.23419","0","0","1"
"2022-11-01SJSANA","0.45872","0.35971","0.23697","0","0","1"
"2022-11-01TBLOTT","0.54945","0.28653","0.2193","1","0","0"
"2022-11-01VANNJD","0.40161","0.42017","0.23202","0","1","0"
"2022-11-01WSHVGK","0.32468","0.49505","0.23256","0","0","1"
"2022-11-02BUFPIT","0.39683","0.44053","0.22523","1","0","0"
"2022-11-02TORPHI","0.66225","0.19231","0.19417","1","0","0"
"2022-11-03ARIDAL","0.25316","0.58824","0.21598","0","1","0"
"2022-11-03CGYNSH","0.57143","0.27027","0.21786","0","1","0"
"2022-11-03CHILAK","0.3003","0.5291","0.22624","0","0","1"
"2022-11-03DETWSH","0.3861","0.43478","0.23753","1","0","0"
"2022-11-03EDMNJD","0.50505","0.3413","0.22075","0","1","0"
"2022-11-03MINSEA","0.51813","0.31949","0.22124","0","1","0"
"2022-11-03NYRBOS","0.45249","0.36232","0.23474","0","1","0"
"2022-11-03OTTVGK","0.3413","0.4878","0.22883","0","1","0"
"2022-11-03SJSFLA","0.27624","0.5618","0.21598","0","0","1"
"2022-11-03STLNYI","0.42194","0.40161","0.23866","0","1","0"
"2022-11-03TBLCAR","0.41841","0.39841","0.23753","0","0","1"
"2022-11-03VANANA","0.53191","0.30303","0.22422","1","0","0"
"2022-11-03WPGMTL","0.56497","0.26954","0.22371","0","0","1"
"2022-11-04CARBUF","0.55249","0.28653","0.2193","1","0","0"
"2022-11-04COLCBJ","0.60976","0.23641","0.20921","1","0","0"
"2022-11-05CBJCOL","0.2381","0.60976","0.20576","0","1","0"
"2022-11-05CGYNJD","0.5102","0.3268","0.22371","0","0","1"
"2022-11-05DETNYI","0.37453","0.45249","0.23529","1","0","0"
"2022-11-05EDMDAL","0.49261","0.33898","0.22272","0","1","0"
"2022-11-05LAKFLA","0.37453","0.45045","0.22779","1","0","0"
"2022-11-05MTLVGK","0.27701","0.55866","0.22222","0","1","0"
"2022-11-05OTTPHI","0.52356","0.30581","0.22624","0","1","0"
"2022-11-05PITSEA","0.54645","0.2907","0.21882","0","1","0"
"2022-11-05SJSANA","0.4902","0.34483","0.22676","0","0","1"
"2022-11-05TBLBUF","0.59172","0.25641","0.20747","1","0","0"
"2022-11-05TORBOS","0.46083","0.37313","0.22676","1","0","0"
"2022-11-05VANNSH","0.42194","0.40323","0.23148","0","0","1"
"2022-11-05WPGCHI","0.5848","0.25575","0.21739","1","0","0"
"2022-11-05WSHARI","0.65359","0.20661","0.20121","0","1","0"
"2022-11-06ANAFLA","0.29674","0.53763","0.21978","0","1","0"
"2022-11-06CARTOR","0.50761","0.32573","0.22173","0","1","0"
"2022-11-06NYRDET","0.5814","0.25974","0.21505","0","0","1"
"2022-11-07BOSSTL","0.55866","0.27624","0.22026","1","0","0"
"2022-11-07NYICGY","0.38168","0.4329","0.24038","0","0","1"
"2022-11-07WSHEDM","0.3268","0.50251","0.22371","1","0","0"
"2022-11-08BUFARI","0.59172","0.25445","0.20921","0","1","0"
"2022-11-08DETMTL","0.51546","0.3125","0.22883","0","0","1"
"2022-11-08LAKMIN","0.42553","0.4","0.23041","1","0","0"
"2022-11-08NJDCGY","0.4717","0.35587","0.22831","1","0","0"
"2022-11-08NYRNYI","0.51813","0.30211","0.23256","0","1","0"
"2022-11-08OTTVAN","0.44444","0.3876","0.22523","0","1","0"
"2022-11-08PHISTL","0.36232","0.45872","0.23474","1","0","0"
"2022-11-08SEANSH","0.43103","0.39062","0.23419","1","0","0"
"2022-11-08TBLEDM","0.51546","0.31949","0.22026","0","1","0"
"2022-11-08TORVGK","0.42918","0.39062","0.22989","0","0","1"
"2022-11-08WPGDAL","0.38911","0.42918","0.23697","1","0","0"
"2022-11-09ANAMIN","0.3268","0.50251","0.22573","0","1","0"
"2022-11-09FLACAR","0.39841","0.42918","0.22831","1","0","0"
"2022-11-09MTLVAN","0.32362","0.5102","0.22371","1","0","0"
"2022-11-09WSHPIT","0.37594","0.44248","0.23202","0","1","0"
"2022-11-10BOSCGY","0.54054","0.28736","0.22523","1","0","0"
"2022-11-10BUFVGK","0.32154","0.50761","0.22727","0","1","0"
"2022-11-10CAREDM","0.46948","0.35461","0.22573","1","0","0"
"2022-11-10CBJPHI","0.4065","0.41494","0.23474","1","0","0"
"2022-11-10COLNSH","0.54945","0.28902","0.22124","1","0","0"
"2022-11-10DETNYR","0.32258","0.5","0.23364","0","1","0"
"2022-11-10LAKCHI","0.63291","0.22026","0.20576","0","0","1"
"2022-11-10NJDOTT","0.54054","0.29851","0.2193","0","0","1"
"2022-11-10NYIARI","0.64103","0.20877","0.20661","0","1","0"
"2022-11-10STLSJS","0.5102","0.31447","0.22989","1","0","0"
"2022-11-11DALSJS","0.59524","0.24272","0.21739","0","1","0"
"2022-11-11SEAMIN","0.3876","0.4329","0.2381","0","1","0"
"2022-11-11TORPIT","0.4902","0.33898","0.22727","0","1","0"
"2022-11-11WSHTBL","0.35088","0.46729","0.23364","1","0","0"
"2022-11-12ANACHI","0.46729","0.35714","0.23041","0","1","0"
"2022-11-12BUFBOS","0.31153","0.52356","0.22124","0","1","0"
"2022-11-12CGYWPG","0.50505","0.31847","0.23095","1","0","0"
"2022-11-12COLCAR","0.43478","0.38462","0.23202","1","0","0"
"2022-11-12FLAEDM","0.52083","0.31847","0.21882","0","1","0"
"2022-11-12LAKDET","0.56818","0.27322","0.22222","1","0","0"
"2022-11-12MTLPIT","0.32154","0.5102","0.22573","0","0","1"
"2022-11-12NJDARI","0.64516","0.21008","0.1992","1","0","0"
"2022-11-12NSHNYR","0.40816","0.41841","0.2331","1","0","0"
"2022-11-12NYICBJ","0.5988","0.24331","0.21692","0","0","1"
"2022-11-12PHIOTT","0.3937","0.43103","0.23041","0","1","0"
"2022-11-12TORVAN","0.52632","0.31348","0.21739","1","0","0"
"2022-11-12VGKSTL","0.55556","0.27548","0.22124","0","1","0"
"2022-11-13BOSVAN","0.5814","0.26178","0.21368","1","0","0"
"2022-11-13MINSJS","0.56497","0.27027","0.2193","0","0","1"
"2022-11-13NYRARI","0.68493","0.17921","0.19011","1","0","0"
"2022-11-13PHIDAL","0.29499","0.53191","0.22573","0","1","0"
"2022-11-13SEAWPG","0.5","0.32573","0.22936","0","0","1"
"2022-11-13TBLWSH","0.52632","0.29851","0.22883","1","0","0"
"2022-11-14CGYLAK","0.5102","0.31546","0.22883","1","0","0"
"2022-11-14CHICAR","0.25126","0.5848","0.21882","0","1","0"
"2022-11-14COLSTL","0.55556","0.28653","0.21978","0","1","0"
"2022-11-14OTTNYI","0.39526","0.42735","0.23529","0","1","0"
"2022-11-15ANADET","0.3861","0.43478","0.23585","0","0","1"
"2022-11-15BUFVAN","0.41841","0.40816","0.22883","0","1","0"
"2022-11-15CBJPHI","0.39216","0.42918","0.23529","0","0","1"
"2022-11-15FLAWSH","0.55249","0.27933","0.22124","1","0","0"
"2022-11-15MTLNJD","0.30303","0.53191","0.22371","0","1","0"
"2022-11-15NSHMIN","0.41667","0.40486","0.24155","1","0","0"
"2022-11-15PITTOR","0.40816","0.41494","0.22727","0","1","0"
"2022-11-15TBLDAL","0.46948","0.35587","0.23202","0","0","1"
"2022-11-15VGKSJS","0.60976","0.23474","0.21142","0","1","0"
"2022-11-16CHISTL","0.30303","0.5291","0.22676","0","1","0"
"2022-11-16EDMLAK","0.47847","0.35211","0.22222","0","1","0"
"2022-11-16OTTBUF","0.49505","0.3367","0.22422","1","0","0"
"2022-11-17BOSPHI","0.67568","0.18797","0.19531","1","0","0"
"2022-11-17CARCOL","0.46083","0.35842","0.23202","0","0","1"
"2022-11-17CBJMTL","0.41494","0.40816","0.23419","1","0","0"
"2022-11-17FLADAL","0.51546","0.32362","0.22371","0","1","0"
"2022-11-17MINPIT","0.42017","0.40323","0.23202","0","1","0"
"2022-11-17NSHNYI","0.42194","0.39216","0.24096","1","0","0"
"2022-11-17SEANYR","0.35714","0.46512","0.23585","0","0","1"
"2022-11-17SJSDET","0.44444","0.37313","0.24038","0","1","0"
"2022-11-17STLWSH","0.41667","0.4065","0.23364","0","0","1"
"2022-11-17TBLCGY","0.43103","0.3876","0.23256","1","0","0"
"2022-11-17TORNJD","0.48077","0.34843","0.22727","0","0","1"
"2022-11-17VGKARI","0.70423","0.17036","0.18657","1","0","0"
"2022-11-17WPGANA","0.58824","0.24938","0.21645","1","0","0"
"2022-11-18VANLAK","0.4329","0.38911","0.23585","1","0","0"
"2022-11-19BOSCHI","0.71429","0.15504","0.18315","1","0","0"
"2022-11-19CBJDET","0.34965","0.47847","0.22883","0","1","0"
"2022-11-19DALNYI","0.49261","0.33333","0.23529","1","0","0"
"2022-11-19EDMVGK","0.40984","0.41152","0.22936","0","0","1"
"2022-11-19FLACGY","0.46729","0.35587","0.23256","0","0","1"
"2022-11-19MINCAR","0.369","0.44843","0.23753","0","0","1"
"2022-11-19MTLPHI","0.45455","0.3663","0.23585","0","0","1"
"2022-11-19NSHTBL","0.36496","0.45455","0.23753","0","0","1"
"2022-11-19OTTNJD","0.36232","0.46512","0.22727","0","1","0"
"2022-11-19SEALAK","0.45455","0.36232","0.23753","0","0","1"
"2022-11-19SJSNYR","0.30581","0.52083","0.23148","0","1","0"
"2022-11-19STLANA","0.54645","0.2849","0.22422","1","0","0"
"2022-11-19TORBUF","0.63291","0.21882","0.20367","1","0","0"
"2022-11-19WPGPIT","0.39062","0.43478","0.23364","0","1","0"
"2022-11-19WSHCOL","0.37594","0.4386","0.23866","0","1","0"
"2022-11-20CBJFLA","0.23697","0.61728","0.20367","1","0","0"
"2022-11-20CHIPIT","0.2611","0.57803","0.21645","0","1","0"
"2022-11-21DALCOL","0.42373","0.3937","0.2381","0","0","1"
"2022-11-21NJDEDM","0.49751","0.3367","0.22173","1","0","0"
"2022-11-21NSHARI","0.60976","0.23474","0.21368","0","0","1"
"2022-11-21PHICGY","0.26178","0.57143","0.22222","0","1","0"
"2022-11-21SJSOTT","0.40161","0.42017","0.23419","1","0","0"
"2022-11-21STLANA","0.56818","0.27027","0.21692","1","0","0"
"2022-11-21TBLBOS","0.39683","0.41667","0.23866","0","1","0"
"2022-11-21TORNYI","0.52632","0.30675","0.22371","0","0","1"
"2022-11-21VANVGK","0.35714","0.4717","0.22831","0","1","0"
"2022-11-21WPGCAR","0.31447","0.50761","0.23419","0","0","1"
"2022-11-22LAKNYR","0.36765","0.44843","0.23753","0","1","0"
"2022-11-22MTLBUF","0.40816","0.41322","0.23364","0","1","0"
"2022-11-23ANANYR","0.32468","0.5102","0.23041","1","0","0"
"2022-11-23BUFSTL","0.34483","0.48077","0.23041","1","0","0"
"2022-11-23CARARI","0.68027","0.17986","0.19802","0","1","0"
"2022-11-23CBJMTL","0.4386","0.38911","0.22831","0","1","0"
"2022-11-23COLVAN","0.55249","0.28653","0.21786","0","1","0"
"2022-11-23DALCHI","0.65359","0.2004","0.20661","1","0","0"
"2022-11-23DETNSH","0.4386","0.39062","0.2331","1","0","0"
"2022-11-23FLABOS","0.41494","0.40486","0.23256","1","0","0"
"2022-11-23MINWPG","0.49261","0.33003","0.23641","1","0","0"
"2022-11-23NJDTOR","0.46512","0.35971","0.23041","0","1","0"
"2022-11-23NYIEDM","0.44248","0.37736","0.23641","1","0","0"
"2022-11-23PITCGY","0.45455","0.37313","0.22883","0","0","1"
"2022-11-23SEASJS","0.52356","0.30211","0.2331","1","0","0"
"2022-11-23VGKOTT","0.59172","0.25445","0.21142","1","0","0"
"2022-11-23WSHPHI","0.5988","0.24038","0.21786","0","0","1"
"2022-11-25ANAOTT","0.34483","0.48077","0.23095","0","1","0"
"2022-11-25BOSCAR","0.49505","0.32468","0.23474","0","0","1"
"2022-11-25BUFNJD","0.32468","0.5102","0.22321","0","1","0"
"2022-11-25CBJNYI","0.28329","0.55249","0.22222","0","1","0"
"2022-11-25CHIMTL","0.43103","0.39062","0.23474","0","0","1"
"2022-11-25DALWPG","0.52083","0.30675","0.23041","0","0","1"
"2022-11-25DETARI","0.57143","0.26525","0.22075","0","0","1"
"2022-11-25MINTOR","0.42373","0.40323","0.23529","0","1","0"
"2022-11-25PHIPIT","0.26042","0.57803","0.21834","0","1","0"
"2022-11-25SJSLAK","0.35211","0.46729","0.23641","0","1","0"
"2022-11-25TBLSTL","0.54348","0.28571","0.22676","1","0","0"
"2022-11-25VGKSEA","0.53191","0.3012","0.22573","0","1","0"
"2022-11-25WSHCGY","0.38314","0.43668","0.23641","1","0","0"
"2022-11-26CARCGY","0.47847","0.34722","0.23474","1","0","0"
"2022-11-26COLDAL","0.50761","0.31949","0.23041","1","0","0"
"2022-11-26FLASTL","0.55249","0.28169","0.21978","0","0","1"
"2022-11-26NJDWSH","0.54054","0.29499","0.22624","1","0","0"
"2022-11-26NYIPHI","0.5988","0.24272","0.21645","1","0","0"
"2022-11-26NYREDM","0.50251","0.32258","0.22936","0","1","0"
"2022-11-26PITTOR","0.45872","0.37313","0.22624","0","1","0"
"2022-11-26VGKVAN","0.54348","0.2907","0.22124","0","1","0"
"2022-11-27ANASEA","0.30303","0.52632","0.22779","0","1","0"
"2022-11-27CHIWPG","0.31348","0.51813","0.23095","0","1","0"
"2022-11-27LAKOTT","0.50505","0.32258","0.23148","0","0","1"
"2022-11-27MINARI","0.64516","0.20747","0.20284","1","0","0"
"2022-11-27SJSVAN","0.39841","0.42194","0.23148","0","0","1"
"2022-11-28BUFTBL","0.34014","0.5","0.22422","0","0","1"
"2022-11-28CBJVGK","0.2381","0.60976","0.20833","0","0","1"
"2022-11-28DETTOR","0.33223","0.49505","0.22989","0","1","0"
"2022-11-28EDMFLA","0.40984","0.41667","0.23202","0","0","1"
"2022-11-28NYRNJD","0.42918","0.3861","0.23753","0","1","0"
"2022-11-28STLDAL","0.37879","0.44248","0.23753","0","1","0"
"2022-11-29BOSTBL","0.51546","0.30864","0.22989","1","0","0"
"2022-11-29CGYFLA","0.4902","0.34247","0.22573","1","0","0"
"2022-11-29LAKSEA","0.45045","0.369","0.23697","0","0","1"
"2022-11-29MTLSJS","0.41494","0.40984","0.2331","0","1","0"
"2022-11-29NSHANA","0.59172","0.25","0.21505","0","0","1"
"2022-11-29PHINYI","0.27473","0.55249","0.23095","1","0","0"
"2022-11-29PITCAR","0.41322","0.4","0.24096","0","0","1"
"2022-11-29VANWSH","0.42194","0.4","0.23419","0","1","0"
"2022-11-29WPGCOL","0.35088","0.46948","0.23697","1","0","0"
"2022-11-30CHIEDM","0.27473","0.55866","0.22173","0","1","0"
"2022-11-30DETBUF","0.46296","0.36364","0.22624","0","0","1"
"2022-11-30OTTNYR","0.42194","0.40161","0.23202","0","1","0"
"2022-11-30TORSJS","0.64935","0.20492","0.20284","1","0","0"
"2022-12-01BUFCOL","0.29499","0.54054","0.22173","0","1","0"
"2022-12-01CGYMTL","0.63694","0.21598","0.20576","0","1","0"
"2022-12-01DALANA","0.65359","0.1996","0.20161","1","0","0"
"2022-12-01LAKARI","0.5988","0.24272","0.21598","1","0","0"
"2022-12-01MINEDM","0.5","0.33003","0.22422","1","0","0"
"2022-12-01NJDNSH","0.5618","0.27548","0.22272","0","0","1"
"2022-12-01PHITBL","0.26385","0.57143","0.22272","0","1","0"
"2022-12-01PITVGK","0.41841","0.40323","0.23202","1","0","0"
"2022-12-01SEAWSH","0.42918","0.38911","0.23753","0","0","1"
"2022-12-01STLCAR","0.34965","0.46512","0.24213","0","1","0"
"2022-12-01VANFLA","0.37879","0.45249","0.22727","0","1","0"
"2022-12-02NYINSH","0.50251","0.31949","0.23419","0","1","0"
"2022-12-02NYROTT","0.54945","0.2849","0.22173","0","0","1"
"2022-12-02WPGCBJ","0.56818","0.27397","0.21552","0","1","0"
"2022-12-03BOSCOL","0.51282","0.31153","0.22883","1","0","0"
"2022-12-03CGYWSH","0.49751","0.3268","0.23095","1","0","0"
"2022-12-03DETVGK","0.36101","0.47619","0.22371","0","1","0"
"2022-12-03EDMMTL","0.5988","0.24876","0.21097","1","0","0"
"2022-12-03LAKCAR","0.36364","0.45662","0.23697","0","1","0"
"2022-12-03MINANA","0.63694","0.21552","0.2045","0","0","1"
"2022-12-03NYRCHI","0.60606","0.23641","0.21459","0","1","0"
"2022-12-03OTTSJS","0.47393","0.35088","0.23148","1","0","0"
"2022-12-03PHINJD","0.25253","0.5848","0.21786","0","1","0"
"2022-12-03PITSTL","0.53191","0.2994","0.22321","1","0","0"
"2022-12-03SEAFLA","0.40161","0.42553","0.23256","0","1","0"
"2022-12-03TBLTOR","0.45455","0.369","0.23364","0","0","1"
"2022-12-03VANARI","0.57471","0.26316","0.21882","0","0","1"
"2022-12-04BUFSJS","0.49505","0.33557","0.22573","1","0","0"
"2022-12-04CBJDET","0.39062","0.43668","0.23095","0","1","0"
"2022-12-04DALMIN","0.49751","0.32468","0.23095","0","0","1"
"2022-12-04NYICHI","0.63291","0.21322","0.21142","1","0","0"
"2022-12-04WPGANA","0.62893","0.22173","0.20704","1","0","0"
"2022-12-05BOSVGK","0.53763","0.29155","0.22831","0","0","1"
"2022-12-05CGYARI","0.66225","0.19569","0.20325","1","0","0"
"2022-12-05EDMWSH","0.49261","0.33784","0.22472","0","1","0"
"2022-12-05NYRSTL","0.51813","0.30769","0.2331","1","0","0"
"2022-12-05PHICOL","0.28409","0.54348","0.22883","1","0","0"
"2022-12-05VANMTL","0.57803","0.26385","0.21413","0","0","1"
"2022-12-06ANACAR","0.21231","0.63694","0.20833","0","0","1"
"2022-12-06DALTOR","0.42918","0.39216","0.23529","0","1","0"
"2022-12-06NJDCHI","0.6993","0.16978","0.19084","1","0","0"
"2022-12-06NYISTL","0.54645","0.2809","0.22831","0","1","0"
"2022-12-06OTTLAK","0.41667","0.41152","0.22883","0","1","0"
"2022-12-06PITCBJ","0.64516","0.21142","0.2","1","0","0"
"2022-12-06SEAMTL","0.62893","0.21739","0.20964","0","1","0"
"2022-12-06TBLDET","0.59172","0.24752","0.21598","0","1","0"
"2022-12-06WPGFLA","0.40161","0.42373","0.23474","1","0","0"
"2022-12-07CBJBUF","0.32787","0.50761","0.22321","0","1","0"
"2022-12-07CGYMIN","0.48077","0.34247","0.2331","1","0","0"
"2022-12-07COLBOS","0.3003","0.53191","0.22573","0","1","0"
"2022-12-07EDMARI","0.65359","0.20284","0.2008","1","0","0"
"2022-12-07PHIWSH","0.35336","0.4717","0.23364","0","1","0"
"2022-12-07SJSVAN","0.39526","0.4329","0.22936","0","0","1"
"2022-12-07VGKNYR","0.44643","0.369","0.23641","0","1","0"
"2022-12-08DALOTT","0.57143","0.27778","0.21368","0","0","1"
"2022-12-08FLADET","0.57471","0.2681","0.21598","1","0","0"
"2022-12-08STLWPG","0.38023","0.44053","0.23866","0","1","0"
"2022-12-08TBLNSH","0.53763","0.2994","0.22124","1","0","0"
"2022-12-08TORLAK","0.52632","0.2994","0.22989","1","0","0"
"2022-12-09ANASJS","0.40161","0.42553","0.23041","0","1","0"
"2022-12-09ARIBOS","0.19194","0.66667","0.2","1","0","0"
"2022-12-09BUFPIT","0.34483","0.49261","0.22222","0","0","1"
"2022-12-09CBJCGY","0.24038","0.60976","0.20964","1","0","0"
"2022-12-09CHIWPG","0.35211","0.47393","0.23095","0","1","0"
"2022-12-09COLNYR","0.33333","0.4878","0.23474","0","0","1"
"2022-12-09EDMMIN","0.44248","0.37879","0.23148","1","0","0"
"2022-12-09NJDNYI","0.56818","0.26738","0.22321","0","1","0"
"2022-12-09VGKPHI","0.5988","0.24213","0.21692","0","0","1"
"2022-12-09WSHSEA","0.47393","0.34843","0.23364","1","0","0"
"2022-12-10DALDET","0.55556","0.28169","0.22026","0","0","1"
"2022-12-10MTLLAK","0.31546","0.51546","0.23095","0","1","0"
"2022-12-10NSHOTT","0.46729","0.35971","0.23148","0","1","0"
"2022-12-10NYICAR","0.35336","0.46512","0.24038","0","1","0"
"2022-12-10PITBUF","0.55866","0.28329","0.21645","1","0","0"
"2022-12-10TBLFLA","0.47847","0.34602","0.22831","1","0","0"
"2022-12-10TORCGY","0.49505","0.31949","0.23753","0","0","1"
"2022-12-10VANMIN","0.41667","0.40816","0.23148","0","1","0"
"2022-12-11ARIPHI","0.40161","0.41152","0.2439","0","0","1"
"2022-12-11CBJLAK","0.34014","0.48309","0.23202","0","0","1"
"2022-12-11FLASEA","0.5","0.33223","0.22523","0","1","0"
"2022-12-11STLCOL","0.39526","0.42194","0.24038","0","0","1"
"2022-12-11VGKBOS","0.32895","0.4902","0.2381","0","1","0"
"2022-12-11WPGWSH","0.45455","0.36496","0.23753","0","1","0"
"2022-12-12MINEDM","0.45662","0.37037","0.22831","1","0","0"
"2022-12-12MTLCGY","0.27855","0.55249","0.22727","0","0","1"
"2022-12-12NYRNJD","0.40984","0.40984","0.2381","0","0","1"
"2022-12-12OTTANA","0.5814","0.26316","0.21231","1","0","0"
"2022-12-12PITDAL","0.45045","0.36765","0.23419","1","0","0"
"2022-12-12STLNSH","0.39062","0.42918","0.23923","0","0","1"
"2022-12-13BOSNYI","0.60241","0.23585","0.21882","0","0","1"
"2022-12-13BUFLAK","0.41494","0.41152","0.22883","1","0","0"
"2022-12-13CHIWSH","0.26385","0.57471","0.22026","0","1","0"
"2022-12-13COLPHI","0.5814","0.25445","0.22075","1","0","0"
"2022-12-13DETCAR","0.31949","0.5","0.23529","0","1","0"
"2022-12-13FLACBJ","0.62112","0.23095","0.20534","1","0","0"
"2022-12-13NJDDAL","0.48544","0.33445","0.23256","0","1","0"
"2022-12-13NSHEDM","0.37736","0.45045","0.22936","0","1","0"
"2022-12-13SJSARI","0.52083","0.30864","0.22831","1","0","0"
"2022-12-13TBLSEA","0.54945","0.28409","0.22222","1","0","0"
"2022-12-13TORANA","0.74074","0.14245","0.17483","1","0","0"
"2022-12-13WPGVGK","0.4717","0.34483","0.23923","0","1","0"
"2022-12-14CGYVAN","0.54348","0.28818","0.22523","0","0","1"
"2022-12-14MINDET","0.62112","0.22222","0.21142","1","0","0"
"2022-12-14OTTMTL","0.56497","0.27027","0.21978","1","0","0"
"2022-12-15BOSLAK","0.58824","0.24631","0.21739","0","0","1"
"2022-12-15CARSEA","0.54348","0.28409","0.23041","1","0","0"
"2022-12-15CHIVGK","0.26596","0.56818","0.22075","0","1","0"
"2022-12-15COLBUF","0.52632","0.31056","0.22422","0","1","0"
"2022-12-15EDMSTL","0.52356","0.3125","0.22371","0","0","1"
"2022-12-15FLAPIT","0.40486","0.41494","0.23641","0","1","0"
"2022-12-15MTLANA","0.5","0.32573","0.23041","0","1","0"
"2022-12-15NJDPHI","0.62893","0.21834","0.21186","0","1","0"
"2022-12-15NYRTOR","0.37594","0.44053","0.23866","1","0","0"
"2022-12-15TBLCBJ","0.65789","0.20325","0.19646","1","0","0"
"2022-12-15WPGNSH","0.5102","0.31646","0.23256","0","0","1"
"2022-12-15WSHDAL","0.40984","0.4065","0.24038","0","1","0"
"2022-12-16ARINYI","0.29326","0.53476","0.22883","1","0","0"
"2022-12-16CGYSTL","0.56497","0.26316","0.22472","0","1","0"
"2022-12-16MINCHI","0.70423","0.16367","0.18868","1","0","0"
"2022-12-17ARIBUF","0.3125","0.52083","0.22371","0","1","0"
"2022-12-17BOSCBJ","0.70922","0.16181","0.18553","1","0","0"
"2022-12-17CARDAL","0.48544","0.32895","0.23753","0","0","1"
"2022-12-17COLNSH","0.51813","0.30864","0.23529","1","0","0"
"2022-12-17DETOTT","0.41152","0.4065","0.23923","0","1","0"
"2022-12-17EDMANA","0.66225","0.20161","0.19531","0","1","0"
"2022-12-17LAKSJS","0.49261","0.33113","0.23148","0","0","1"
"2022-12-17MTLTBL","0.23697","0.60606","0.21598","0","1","0"
"2022-12-17NJDFLA","0.47847","0.35088","0.22936","0","1","0"
"2022-12-17PHINYR","0.31447","0.5102","0.2331","0","1","0"
"2022-12-17VANWPG","0.369","0.45045","0.23585","0","1","0"
"2022-12-17VGKNYI","0.51813","0.3096","0.23095","0","1","0"
"2022-12-17WSHTOR","0.35714","0.45872","0.23585","1","0","0"
"2022-12-18CARPIT","0.44643","0.37453","0.23697","1","0","0"
"2022-12-18CHINYR","0.24691","0.58824","0.22124","0","1","0"
"2022-12-18MINOTT","0.55556","0.27624","0.22624","1","0","0"
"2022-12-18SEAWPG","0.49261","0.33223","0.23202","1","0","0"
"2022-12-18SJSCGY","0.29762","0.53191","0.22676","0","1","0"
"2022-12-19ARIMTL","0.43478","0.38168","0.23981","0","0","1"
"2022-12-19BOSFLA","0.55866","0.27933","0.21692","1","0","0"
"2022-12-19CBJDAL","0.25126","0.59172","0.21413","0","1","0"
"2022-12-19COLNYI","0.47619","0.3413","0.23923","0","0","1"
"2022-12-19NSHEDM","0.38314","0.44248","0.2331","0","0","1"
"2022-12-19VANSTL","0.4065","0.41667","0.23256","0","1","0"
"2022-12-19VGKBUF","0.4878","0.33898","0.22936","0","1","0"
"2022-12-19WSHDET","0.5291","0.29586","0.22831","0","0","1"
"2022-12-20CARNJD","0.45045","0.37453","0.23697","1","0","0"
"2022-12-20LAKANA","0.61728","0.22989","0.20833","1","0","0"
"2022-12-20PHICBJ","0.5291","0.30303","0.22883","1","0","0"
"2022-12-20PITNYR","0.46083","0.35336","0.23753","1","0","0"
"2022-12-20SEASTL","0.51546","0.3096","0.23474","1","0","0"
"2022-12-20SJSCGY","0.29851","0.5291","0.23202","0","1","0"
"2022-12-20TORTBL","0.46083","0.35587","0.23753","1","0","0"
"2022-12-20WPGOTT","0.46083","0.36496","0.23419","1","0","0"
"2022-12-21ANAMIN","0.21231","0.64103","0.20576","0","1","0"
"2022-12-21CHINSH","0.27855","0.54945","0.22883","0","1","0"
"2022-12-21COLMTL","0.62893","0.21368","0.21368","0","0","1"
"2022-12-21DALEDM","0.47393","0.35971","0.22883","0","1","0"
"2022-12-21DETTBL","0.34602","0.48077","0.23256","1","0","0"
"2022-12-21FLANJD","0.46296","0.36496","0.22779","0","1","0"
"2022-12-21VGKARI","0.64103","0.20704","0.2079","1","0","0"
"2022-12-22BOSWPG","0.57803","0.25773","0.22222","1","0","0"
"2022-12-22LAKCGY","0.39526","0.42373","0.23923","0","0","1"
"2022-12-22NYRNYI","0.50505","0.31153","0.23866","1","0","0"
"2022-12-22OTTWSH","0.369","0.45249","0.23474","0","0","1"
"2022-12-22PITCAR","0.44843","0.37037","0.23585","0","0","1"
"2022-12-22SJSMIN","0.30675","0.52356","0.22727","1","0","0"
"2022-12-22TORPHI","0.66667","0.1938","0.20161","1","0","0"
"2022-12-22VANSEA","0.3876","0.44248","0.23095","0","0","1"
"2022-12-23ANACGY","0.2681","0.56497","0.22272","0","0","1"
"2022-12-23ARILAK","0.31546","0.51282","0.22883","0","0","1"
"2022-12-23CARPHI","0.67568","0.18416","0.19802","1","0","0"
"2022-12-23CHICBJ","0.4065","0.41322","0.23529","1","0","0"
"2022-12-23DALMTL","0.65359","0.19841","0.20661","1","0","0"
"2022-12-23EDMVAN","0.58824","0.26316","0.2079","0","1","0"
"2022-12-23NJDBOS","0.3861","0.4329","0.23697","0","1","0"
"2022-12-23NSHCOL","0.37879","0.4329","0.24272","0","0","1"
"2022-12-23NYIFLA","0.38314","0.4386","0.23585","1","0","0"
"2022-12-23VGKSTL","0.49261","0.32573","0.23474","0","0","1"
"2022-12-23WSHWPG","0.51546","0.3125","0.23095","1","0","0"
"2022-12-27ARICOL","0.25445","0.5814","0.22272","1","0","0"
"2022-12-27CARCHI","0.71942","0.15198","0.18349","1","0","0"
"2022-12-27CGYEDM","0.47393","0.35461","0.23148","0","1","0"
"2022-12-27LAKVGK","0.4386","0.38314","0.23041","1","0","0"
"2022-12-27NSHDAL","0.36364","0.45455","0.23923","0","1","0"
"2022-12-27NYIPIT","0.34965","0.46948","0.23753","1","0","0"
"2022-12-27NYRWSH","0.4902","0.32787","0.23419","0","1","0"
"2022-12-27OTTBOS","0.28818","0.54945","0.22371","0","0","1"
"2022-12-27STLTOR","0.30211","0.53476","0.22676","0","0","1"
"2022-12-27VANSJS","0.45872","0.37313","0.22573","1","0","0"
"2022-12-27WPGMIN","0.37736","0.4386","0.23981","0","1","0"
"2022-12-28ANAVGK","0.30488","0.52356","0.22831","0","0","1"
"2022-12-28NJDBOS","0.39526","0.42194","0.23474","0","1","0"
"2022-12-28PITDET","0.55249","0.28249","0.22075","0","0","1"
"2022-12-28SEACGY","0.4065","0.41322","0.23641","0","1","0"
"2022-12-28TBLMTL","0.68966","0.17241","0.19342","1","0","0"
"2022-12-29ARITOR","0.21277","0.63694","0.20576","1","0","0"
"2022-12-29BUFDET","0.53476","0.30303","0.22026","1","0","0"
"2022-12-29COLLAK","0.48309","0.34014","0.23585","0","0","1"
"2022-12-29FLAMTL","0.68493","0.18083","0.19157","1","0","0"
"2022-12-29MINDAL","0.44444","0.37594","0.23753","0","1","0"
"2022-12-29NYICBJ","0.60606","0.23697","0.21413","1","0","0"
"2022-12-29SJSPHI","0.49505","0.33784","0.23095","0","0","1"
"2022-12-29STLCHI","0.62112","0.22321","0.21008","1","0","0"
"2022-12-29TBLNYR","0.45872","0.35842","0.2381","0","0","1"
"2022-12-29WPGVAN","0.4878","0.33898","0.22989","1","0","0"
"2022-12-29WSHOTT","0.53763","0.3003","0.22883","0","0","1"
"2022-12-30ANANSH","0.3125","0.51282","0.23095","0","1","0"
"2022-12-30CARFLA","0.5291","0.29851","0.22936","1","0","0"
"2022-12-30PITNJD","0.42553","0.39526","0.23419","0","1","0"
"2022-12-30SEAEDM","0.44053","0.38168","0.2331","0","1","0"
"2022-12-31BOSBUF","0.60606","0.2445","0.2079","0","0","1"
"2022-12-31CBJCHI","0.47619","0.34602","0.23474","1","0","0"
"2022-12-31CGYVAN","0.5814","0.25907","0.21739","1","0","0"
"2022-12-31COLTOR","0.3876","0.42918","0.23923","0","1","0"
"2022-12-31DALSJS","0.59524","0.24691","0.21505","1","0","0"
"2022-12-31DETOTT","0.37453","0.45045","0.23041","1","0","0"
"2022-12-31EDMWPG","0.42017","0.39841","0.23866","0","1","0"
"2022-12-31LAKPHI","0.57803","0.2584","0.21882","0","1","0"
"2022-12-31STLMIN","0.35842","0.45662","0.23641","0","1","0"
"2022-12-31TBLARI","0.68027","0.18382","0.19342","1","0","0"
"2022-12-31VGKNSH","0.52356","0.30395","0.22779","0","0","1"
"2022-12-31WSHMTL","0.61728","0.22676","0.21368","1","0","0"
"2023-01-01CHISJS","0.34483","0.48077","0.23256","0","1","0"
"2023-01-01FLANYR","0.4717","0.35336","0.23095","0","1","0"
"2023-01-01NJDCAR","0.38023","0.4329","0.23981","0","0","1"
"2023-01-01OTTBUF","0.44053","0.3861","0.22989","1","0","0"
"2023-01-01SEANYI","0.4386","0.38462","0.2381","1","0","0"
"2023-01-02ANAPHI","0.39216","0.43103","0.23419","0","1","0"
"2023-01-02BOSPIT","0.5291","0.29674","0.22779","1","0","0"
"2023-01-02COLVGK","0.50505","0.32362","0.23041","0","1","0"
"2023-01-03CHITBL","0.17422","0.6993","0.18657","0","1","0"
"2023-01-03EDMSEA","0.51282","0.32051","0.22422","0","1","0"
"2023-01-03FLAARI","0.65359","0.20121","0.2004","1","0","0"
"2023-01-03LAKDAL","0.38314","0.43103","0.23866","1","0","0"
"2023-01-03NSHMTL","0.60606","0.23256","0.21552","1","0","0"
"2023-01-03NYRCAR","0.3861","0.4329","0.23981","1","0","0"
"2023-01-03OTTCBJ","0.57471","0.26385","0.21786","1","0","0"
"2023-01-03TORSTL","0.63694","0.21413","0.20704","0","0","1"
"2023-01-03VANNYI","0.39526","0.42373","0.23753","0","1","0"
"2023-01-03WPGCGY","0.35842","0.45662","0.24213","1","0","0"
"2023-01-03WSHBUF","0.51282","0.31746","0.22573","0","0","1"
"2023-01-04ANADAL","0.25445","0.5848","0.21645","1","0","0"
"2023-01-04DETNJD","0.34014","0.48544","0.22989","0","1","0"
"2023-01-04MINTBL","0.42017","0.39683","0.23753","1","0","0"
"2023-01-05CARNSH","0.58824","0.25","0.21978","0","1","0"
"2023-01-05CBJWSH","0.25974","0.5848","0.21692","0","1","0"
"2023-01-05EDMNYI","0.50251","0.32258","0.23041","1","0","0"
"2023-01-05LAKBOS","0.33557","0.48077","0.23529","0","1","0"
"2023-01-05MTLNYR","0.28329","0.55556","0.21786","0","1","0"
"2023-01-05NJDSTL","0.52083","0.30769","0.22779","0","1","0"
"2023-01-05PHIARI","0.49505","0.32787","0.23202","1","0","0"
"2023-01-05TORSEA","0.58824","0.2551","0.21277","0","1","0"
"2023-01-05VANCOL","0.33557","0.49751","0.23095","1","0","0"
"2023-01-05VGKPIT","0.41322","0.40816","0.23585","1","0","0"
"2023-01-06ANASJS","0.32362","0.50251","0.23041","0","0","1"
"2023-01-06CGYNYI","0.5848","0.25316","0.21978","1","0","0"
"2023-01-06CHIARI","0.41667","0.40984","0.23585","1","0","0"
"2023-01-06DETFLA","0.3413","0.49261","0.22472","0","1","0"
"2023-01-06WPGTBL","0.4065","0.40984","0.24096","1","0","0"
"2023-01-06WSHNSH","0.5102","0.31746","0.22779","0","1","0"
"2023-01-07BUFMIN","0.38911","0.43668","0.23202","0","0","1"
"2023-01-07CBJCAR","0.19084","0.66667","0.1992","0","0","1"
"2023-01-07EDMCOL","0.45045","0.37175","0.23095","0","0","1"
"2023-01-07MTLSTL","0.31546","0.51546","0.22727","1","0","0"
"2023-01-07NJDNYR","0.41322","0.40161","0.2381","0","0","1"
"2023-01-07OTTSEA","0.42194","0.39841","0.23585","0","1","0"
"2023-01-07SJSBOS","0.22422","0.62112","0.20964","0","1","0"
"2023-01-07TORDET","0.68027","0.18868","0.19194","1","0","0"
"2023-01-07VGKLAK","0.47847","0.34602","0.23202","0","1","0"
"2023-01-08ANABOS","0.21459","0.63291","0.20833","0","1","0"
"2023-01-08ARIPIT","0.26178","0.5848","0.21552","0","1","0"
"2023-01-08CHICGY","0.18622","0.67114","0.19881","0","0","1"
"2023-01-08DALFLA","0.4717","0.35587","0.22883","1","0","0"
"2023-01-08MINSTL","0.55556","0.27473","0.22272","0","1","0"
"2023-01-08PHITOR","0.27855","0.55249","0.22321","0","1","0"
"2023-01-08WPGVAN","0.51813","0.31348","0.22272","1","0","0"
"2023-01-08WSHCBJ","0.69444","0.17271","0.18904","1","0","0"
"2023-01-09BUFPHI","0.59524","0.25253","0.2079","0","1","0"
"2023-01-09LAKEDM","0.40816","0.42017","0.23202","1","0","0"
"2023-01-09MTLSEA","0.26882","0.57803","0.21692","0","1","0"
"2023-01-09OTTNSH","0.43668","0.3861","0.23529","0","1","0"
"2023-01-10ARISJS","0.36232","0.46296","0.22676","0","1","0"
"2023-01-10BUFSEA","0.4386","0.3937","0.22727","0","1","0"
"2023-01-10CARNJD","0.49261","0.32573","0.22989","0","1","0"
"2023-01-10COLFLA","0.45455","0.37175","0.23041","0","1","0"
"2023-01-10DETWPG","0.35971","0.46512","0.23256","1","0","0"
"2023-01-10NYIDAL","0.39216","0.42373","0.23923","0","0","1"
"2023-01-10NYRMIN","0.47619","0.34722","0.23202","0","0","1"
"2023-01-10PITVAN","0.54945","0.29412","0.21053","1","0","0"
"2023-01-10STLCGY","0.31646","0.5102","0.22883","0","0","1"
"2023-01-10TBLCBJ","0.71942","0.15723","0.17762","1","0","0"
"2023-01-11ANAEDM","0.24096","0.60976","0.20661","0","1","0"
"2023-01-11LAKSJS","0.56497","0.27174","0.21882","1","0","0"
"2023-01-11PHIWSH","0.30769","0.51813","0.22831","1","0","0"
"2023-01-11TORNSH","0.52356","0.30395","0.22727","1","0","0"
"2023-01-12ARIOTT","0.3268","0.49751","0.23202","0","1","0"
"2023-01-12BOSSEA","0.58824","0.25063","0.21739","0","1","0"
"2023-01-12BUFWPG","0.38314","0.44248","0.22989","0","1","0"
"2023-01-12CBJCAR","0.19417","0.66225","0.19881","0","1","0"
"2023-01-12CHICOL","0.19157","0.66225","0.2008","1","0","0"
"2023-01-12DETTOR","0.35461","0.46948","0.23095","1","0","0"
"2023-01-12MTLNSH","0.30675","0.51813","0.22883","1","0","0"
"2023-01-12NYIMIN","0.39526","0.41667","0.2445","0","1","0"
"2023-01-12NYRDAL","0.44843","0.36364","0.24272","0","0","1"
"2023-01-12STLCGY","0.31348","0.5102","0.23256","0","1","0"
"2023-01-12TBLVAN","0.61728","0.23364","0.20747","1","0","0"
"2023-01-12VGKFLA","0.43103","0.39216","0.22989","1","0","0"
"2023-01-13ANANJD","0.19802","0.63694","0.20877","0","1","0"
"2023-01-13PITWPG","0.50505","0.32468","0.22222","0","1","0"
"2023-01-13SJSEDM","0.33113","0.50761","0.21692","0","1","0"
"2023-01-14BOSTOR","0.48309","0.32154","0.24096","1","0","0"
"2023-01-14CARPIT","0.54348","0.27473","0.22883","1","0","0"
"2023-01-14CHISEA","0.24272","0.57803","0.22779","0","1","0"
"2023-01-14COLOTT","0.5102","0.31646","0.22883","1","0","0"
"2023-01-14DALCGY","0.40486","0.39526","0.24752","0","1","0"
"2023-01-14DETCBJ","0.5848","0.25575","0.21598","0","1","0"
"2023-01-14FLAVAN","0.55249","0.28329","0.21322","1","0","0"
"2023-01-14LAKNJD","0.42918","0.38023","0.2381","0","1","0"
"2023-01-14MINARI","0.67114","0.17391","0.19881","1","0","0"
"2023-01-14NSHBUF","0.45249","0.35842","0.23753","0","1","0"
"2023-01-14NYIMTL","0.57471","0.24331","0.22989","1","0","0"
"2023-01-14STLTBL","0.3012","0.53476","0.22075","0","1","0"
"2023-01-14VGKEDM","0.45045","0.36496","0.2331","0","1","0"
"2023-01-14WSHPHI","0.54645","0.27322","0.23585","0","1","0"
"2023-01-15CARVAN","0.61728","0.23202","0.19569","0","0","1"
"2023-01-15NYRMTL","0.67114","0.17825","0.19194","0","1","0"
"2023-01-15WPGARI","0.68027","0.17606","0.19084","1","0","0"
"2023-01-16BOSPHI","0.61728","0.22371","0.20619","1","0","0"
"2023-01-16BUFFLA","0.3861","0.45045","0.22472","0","1","0"
"2023-01-16CBJNYR","0.31746","0.51282","0.22173","0","1","0"
"2023-01-16COLDET","0.54945","0.27248","0.22831","1","0","0"
"2023-01-16NSHCGY","0.36364","0.46083","0.23529","1","0","0"
"2023-01-16NYIWSH","0.4","0.41841","0.24213","0","0","1"
"2023-01-16PITANA","0.64516","0.1992","0.19417","0","0","1"
"2023-01-16SEATBL","0.35714","0.4717","0.22936","0","1","0"
"2023-01-16SJSNJD","0.2907","0.52632","0.22523","0","0","1"
"2023-01-16STLOTT","0.40323","0.39683","0.2439","1","0","0"
"2023-01-16VGKDAL","0.40323","0.41841","0.23641","0","1","0"
"2023-01-17ARIDET","0.35587","0.44843","0.24038","0","0","1"
"2023-01-17CHIBUF","0.28409","0.5291","0.22523","0","0","1"
"2023-01-17EDMSEA","0.53191","0.29586","0.22173","1","0","0"
"2023-01-17MTLWPG","0.23981","0.57471","0.22624","1","0","0"
"2023-01-17NSHCBJ","0.54645","0.271","0.22624","1","0","0"
"2023-01-17PHIANA","0.54945","0.26525","0.22831","1","0","0"
"2023-01-17TORFLA","0.51813","0.30488","0.22831","0","0","1"
"2023-01-17WSHMIN","0.36232","0.4329","0.2457","0","1","0"
"2023-01-18CGYCOL","0.4717","0.34483","0.23474","0","1","0"
"2023-01-18NYIBOS","0.27933","0.54645","0.23095","0","1","0"
"2023-01-18OTTPIT","0.42017","0.40161","0.23529","0","0","1"
"2023-01-18SJSDAL","0.32787","0.49505","0.23095","1","0","0"
"2023-01-18VANTBL","0.31447","0.52083","0.22026","0","1","0"
"2023-01-19ARIWSH","0.25773","0.57803","0.22173","0","1","0"
"2023-01-19BUFNYI","0.44248","0.37594","0.23981","0","0","1"
"2023-01-19CARMIN","0.52083","0.2994","0.23866","1","0","0"
"2023-01-19CBJANA","0.50251","0.31847","0.23364","0","1","0"
"2023-01-19EDMTBL","0.42373","0.39841","0.23256","1","0","0"
"2023-01-19LAKDAL","0.46729","0.35088","0.23866","0","1","0"
"2023-01-19MTLFLA","0.24752","0.59172","0.21645","0","1","0"
"2023-01-19NYRBOS","0.40486","0.40486","0.2439","0","1","0"
"2023-01-19PHICHI","0.5814","0.25316","0.21882","0","1","0"
"2023-01-19SEANJD","0.37453","0.44444","0.23529","0","0","1"
"2023-01-19STLNSH","0.3937","0.42017","0.24155","1","0","0"
"2023-01-19TORWPG","0.50251","0.32258","0.23364","1","0","0"
"2023-01-19VGKDET","0.51282","0.31153","0.23202","0","1","0"
"2023-01-20PITOTT","0.50251","0.31847","0.23202","1","0","0"
"2023-01-20VANCOL","0.33898","0.4878","0.22936","0","1","0"
"2023-01-21BUFANA","0.63291","0.22472","0.2008","1","0","0"
"2023-01-21CBJSJS","0.37736","0.46083","0.22272","1","0","0"
"2023-01-21CGYTBL","0.40816","0.4","0.24631","1","0","0"
"2023-01-21DALARI","0.66225","0.18051","0.20121","1","0","0"
"2023-01-21DETPHI","0.45872","0.35461","0.24155","0","1","0"
"2023-01-21FLAMIN","0.41667","0.40486","0.23585","1","0","0"
"2023-01-21MTLTOR","0.19048","0.65789","0.19194","0","0","1"
"2023-01-21NSHLAK","0.40323","0.39526","0.24814","1","0","0"
"2023-01-21NYICAR","0.31447","0.5102","0.23256","0","1","0"
"2023-01-21OTTWPG","0.34965","0.47619","0.22989","0","1","0"
"2023-01-21SEACOL","0.4065","0.39683","0.2451","0","0","1"
"2023-01-21STLCHI","0.59524","0.23095","0.2193","0","1","0"
"2023-01-21VANEDM","0.2849","0.5618","0.20964","0","1","0"
"2023-01-21VGKWSH","0.42553","0.3876","0.23981","1","0","0"
"2023-01-22ARIVGK","0.27248","0.55249","0.22222","1","0","0"
"2023-01-22BOSSJS","0.66667","0.18018","0.19194","1","0","0"
"2023-01-22CHILAK","0.24752","0.57143","0.22624","0","1","0"
"2023-01-22NJDPIT","0.46296","0.36232","0.22936","0","0","1"
"2023-01-22PHIWPG","0.31153","0.49751","0.23866","0","1","0"
"2023-01-23CGYCBJ","0.66667","0.18083","0.1992","0","0","1"
"2023-01-23DALBUF","0.53476","0.28736","0.22523","0","0","1"
"2023-01-23NYRFLA","0.4878","0.3268","0.23419","1","0","0"
"2023-01-23TORNYI","0.5618","0.25641","0.23041","1","0","0"
"2023-01-24ARIANA","0.43103","0.37037","0.24155","0","1","0"
"2023-01-24COLWSH","0.46512","0.36101","0.23419","1","0","0"
"2023-01-24DETSJS","0.46729","0.34965","0.23641","0","0","1"
"2023-01-24MTLBOS","0.16556","0.67568","0.19841","0","1","0"
"2023-01-24NJDVGK","0.51282","0.29851","0.23419","0","0","1"
"2023-01-24NSHWPG","0.37453","0.42918","0.25","1","0","0"
"2023-01-24PHILAK","0.35587","0.45045","0.24331","0","0","1"
"2023-01-24PITFLA","0.49751","0.32154","0.23095","0","0","1"
"2023-01-24STLBUF","0.45662","0.35336","0.23585","0","1","0"
"2023-01-24TBLMIN","0.49261","0.31447","0.23866","1","0","0"
"2023-01-24VANCHI","0.57471","0.24631","0.22321","1","0","0"
"2023-01-25DALCAR","0.3937","0.4065","0.24631","0","0","1"
"2023-01-25EDMCBJ","0.68027","0.17762","0.19231","0","0","1"
"2023-01-25OTTNYI","0.43668","0.37175","0.2445","1","0","0"
"2023-01-25SEAVAN","0.52083","0.30488","0.22573","1","0","0"
"2023-01-25TORNYR","0.48077","0.32468","0.24331","0","0","1"
"2023-01-26ARISTL","0.31746","0.5","0.2331","1","0","0"
"2023-01-26CGYCHI","0.66667","0.17825","0.19048","0","1","0"
"2023-01-26COLANA","0.68027","0.17007","0.19493","0","1","0"
"2023-01-26MINPHI","0.57143","0.25316","0.22779","0","0","1"
"2023-01-26MTLDET","0.33003","0.47619","0.24155","0","0","1"
"2023-01-26NSHNJD","0.37594","0.42735","0.24331","1","0","0"
"2023-01-26TBLBOS","0.39683","0.4065","0.24691","1","0","0"
"2023-01-26WPGBUF","0.5291","0.30488","0.22075","0","1","0"
"2023-01-26WSHPIT","0.4386","0.3663","0.24096","0","0","1"
"2023-01-27CARSJS","0.60606","0.21786","0.21598","0","0","1"
"2023-01-27DALNJD","0.48309","0.31746","0.2439","0","0","1"
"2023-01-27FLALAK","0.46729","0.34965","0.23419","0","1","0"
"2023-01-27NYIDET","0.50761","0.29499","0.2381","1","0","0"
"2023-01-27NYRVGK","0.46512","0.3367","0.24155","1","0","0"
"2023-01-27SEACGY","0.41494","0.38911","0.24631","0","1","0"
"2023-01-27TOROTT","0.55556","0.26385","0.22727","0","1","0"
"2023-01-27VANCBJ","0.51813","0.31348","0.22026","1","0","0"
"2023-01-28ANAARI","0.42017","0.38314","0.23981","0","0","1"
"2023-01-28COLSTL","0.55866","0.25773","0.23202","1","0","0"
"2023-01-28EDMCHI","0.69444","0.16667","0.18622","1","0","0"
"2023-01-28FLABOS","0.33557","0.49261","0.22371","0","0","1"
"2023-01-28MINBUF","0.51282","0.2994","0.23364","0","0","1"
"2023-01-28NYIVGK","0.38314","0.40816","0.25641","0","0","1"
"2023-01-28OTTMTL","0.57471","0.25641","0.21739","1","0","0"
"2023-01-28PITSJS","0.5848","0.24096","0.22173","0","1","0"
"2023-01-28SEACBJ","0.6135","0.23474","0.20877","1","0","0"
"2023-01-28TBLLAK","0.55866","0.25907","0.23256","1","0","0"
"2023-01-28WPGPHI","0.55866","0.26247","0.22831","0","1","0"
"2023-01-29CARBOS","0.44643","0.369","0.24096","1","0","0"
"2023-01-29TORWSH","0.4717","0.35211","0.23474","1","0","0"
"2023-01-30WPGSTL","0.5618","0.2551","0.22989","1","0","0"
"2023-01-31CARLAK","0.55249","0.2681","0.23148","0","0","1"
"2023-01-31CBJWSH","0.27027","0.54945","0.22883","0","0","1"
"2023-01-31MTLOTT","0.27548","0.54054","0.23202","0","1","0"
"2023-02-01BUFCAR","0.34483","0.46512","0.23866","0","1","0"
"2023-02-01TORBOS","0.37313","0.42918","0.24876","0","1","0"
"2023-02-06ARIMIN","0.23981","0.5814","0.22624","1","0","0"
"2023-02-06DALANA","0.66667","0.17762","0.19763","0","0","1"
"2023-02-06FLATBL","0.37037","0.44053","0.23529","1","0","0"
"2023-02-06NJDVAN","0.57803","0.24631","0.21978","0","0","1"
"2023-02-06NYRCGY","0.4","0.39683","0.25189","0","0","1"
"2023-02-06PHINYI","0.37453","0.44248","0.24038","0","1","0"
"2023-02-07CHIANA","0.42918","0.37313","0.24213","0","0","1"
"2023-02-07DETEDM","0.31949","0.5","0.23148","0","1","0"
"2023-02-07NSHVGK","0.41494","0.38314","0.24752","0","1","0"
"2023-02-07NYISEA","0.40816","0.38314","0.24938","1","0","0"
"2023-02-07PITCOL","0.3937","0.41152","0.23981","0","0","1"
"2023-02-07TBLSJS","0.5814","0.2457","0.21786","0","0","1"
"2023-02-08DALMIN","0.46296","0.33223","0.24752","1","0","0"
"2023-02-08NYRVAN","0.57803","0.24752","0.22272","1","0","0"
"2023-02-09DETCGY","0.32787","0.5","0.22936","1","0","0"
"2023-02-09FLASJS","0.5618","0.27624","0.20877","1","0","0"
"2023-02-09MINVGK","0.41322","0.38314","0.24938","0","1","0"
"2023-02-09NJDSEA","0.44053","0.36101","0.24096","1","0","0"
"2023-02-09NYIVAN","0.56497","0.25445","0.22523","0","1","0"
"2023-02-09PHIEDM","0.3096","0.52632","0.21834","0","0","1"
"2023-02-09TBLCOL","0.46296","0.35842","0.23474","1","0","0"
"2023-02-10ANAPIT","0.23419","0.6135","0.2079","0","1","0"
"2023-02-10CBJTOR","0.24096","0.59172","0.22026","0","1","0"
"2023-02-10CHIARI","0.41667","0.40816","0.23474","0","0","1"
"2023-02-10NYRSEA","0.53476","0.28902","0.22371","1","0","0"
"2023-02-11BOSWSH","0.51813","0.28736","0.23529","0","1","0"
"2023-02-11BUFCGY","0.35714","0.45249","0.23529","0","1","0"
"2023-02-11CARNYR","0.54054","0.27248","0.23041","0","1","0"
"2023-02-11DALTBL","0.40486","0.40161","0.2457","0","1","0"
"2023-02-11DETVAN","0.44643","0.36232","0.23641","1","0","0"
"2023-02-11FLACOL","0.46512","0.36232","0.23041","0","1","0"
"2023-02-11LAKPIT","0.43478","0.38911","0.23202","1","0","0"
"2023-02-11MINNJD","0.43103","0.36364","0.24938","0","0","1"
"2023-02-11MTLNYI","0.25974","0.55249","0.23095","0","0","1"
"2023-02-11OTTEDM","0.35842","0.48077","0.22124","0","1","0"
"2023-02-11PHINSH","0.38168","0.44843","0.23585","0","0","1"
"2023-02-11STLARI","0.54054","0.27322","0.23202","0","0","1"
"2023-02-11TORCBJ","0.64516","0.19084","0.19493","0","1","0"
"2023-02-11WPGCHI","0.68027","0.16667","0.19685","1","0","0"
"2023-02-12MTLEDM","0.21739","0.62112","0.20921","1","0","0"
"2023-02-12PHISEA","0.3367","0.4902","0.22779","0","1","0"
"2023-02-12VGKANA","0.65789","0.17857","0.20243","1","0","0"
"2023-02-12WSHSJS","0.51546","0.29851","0.2331","0","1","0"
"2023-02-13LAKBUF","0.47393","0.33898","0.23641","1","0","0"
"2023-02-13MINFLA","0.39526","0.40816","0.24096","0","0","1"
"2023-02-13NSHARI","0.57143","0.2451","0.22883","0","1","0"
"2023-02-13OTTCGY","0.32362","0.49505","0.23474","0","0","1"
"2023-02-13VANDET","0.4329","0.37594","0.23923","0","1","0"
"2023-02-14CBJNJD","0.27174","0.56818","0.22026","0","1","0"
"2023-02-14COLTBL","0.3876","0.42918","0.24038","0","0","1"
"2023-02-14DALBOS","0.38168","0.42735","0.2439","0","0","1"
"2023-02-14MTLCHI","0.47393","0.34843","0.23364","1","0","0"
"2023-02-14NYIOTT","0.5618","0.26954","0.22272","0","0","1"
"2023-02-14SJSPIT","0.31847","0.52356","0.2193","0","1","0"
"2023-02-14STLFLA","0.37736","0.45249","0.22523","1","0","0"
"2023-02-14WPGSEA","0.45872","0.36232","0.23529","0","0","1"
"2023-02-14WSHCAR","0.31546","0.50251","0.23753","0","1","0"
"2023-02-15ANABUF","0.27778","0.5618","0.21645","0","1","0"
"2023-02-15ARITBL","0.2457","0.59524","0.21505","0","0","1"
"2023-02-15EDMDET","0.59172","0.24938","0.21231","0","0","1"
"2023-02-15MINCOL","0.43668","0.37594","0.23981","0","1","0"
"2023-02-15TORCHI","0.75188","0.13263","0.17153","1","0","0"
"2023-02-15VANNYR","0.29155","0.54945","0.21978","0","1","0"
"2023-02-16CARMTL","0.71429","0.15773","0.18282","1","0","0"
"2023-02-16CBJWPG","0.2907","0.54054","0.22676","1","0","0"
"2023-02-16CGYDET","0.6135","0.23256","0.21231","0","1","0"
"2023-02-16NSHBOS","0.30211","0.52083","0.23697","0","1","0"
"2023-02-16SEAPHI","0.53763","0.2907","0.23041","1","0","0"
"2023-02-16STLNJD","0.34364","0.48077","0.23529","1","0","0"
"2023-02-16VGKSJS","0.54348","0.2907","0.22075","1","0","0"
"2023-02-16WSHFLA","0.3937","0.42373","0.23364","0","1","0"
"2023-02-17ANALAK","0.23202","0.625","0.20704","0","1","0"
"2023-02-17EDMNYR","0.44843","0.38168","0.22523","0","0","1"
"2023-02-17MINDAL","0.39683","0.41494","0.2445","0","0","1"
"2023-02-17NYIPIT","0.4386","0.37594","0.23981","1","0","0"
"2023-02-17OTTCHI","0.60976","0.23641","0.21097","0","0","1"
"2023-02-18BOSNYI","0.61728","0.22173","0.21739","1","0","0"
"2023-02-18CARWSH","0.54945","0.2809","0.22936","1","0","0"
"2023-02-18CGYNYR","0.48544","0.34014","0.23095","0","0","1"
"2023-02-18DALCBJ","0.62112","0.22272","0.21413","0","1","0"
"2023-02-18LAKARI","0.58824","0.25126","0.21739","0","0","1"
"2023-02-18NSHFLA","0.369","0.45872","0.22779","1","0","0"
"2023-02-18PITNJD","0.37453","0.44843","0.23202","0","1","0"
"2023-02-18SEADET","0.52356","0.30864","0.22989","1","0","0"
"2023-02-18SJSBUF","0.39216","0.4386","0.22573","0","1","0"
"2023-02-18STLCOL","0.30864","0.52356","0.22573","0","1","0"
"2023-02-18TORMTL","0.70922","0.16234","0.18416","1","0","0"
"2023-02-18VANPHI","0.43668","0.39216","0.22831","1","0","0"
"2023-02-18VGKTBL","0.37175","0.44843","0.23641","1","0","0"
"2023-02-19ARICBJ","0.46729","0.35714","0.23364","0","0","1"
"2023-02-19CHITOR","0.19763","0.66225","0.19841","1","0","0"
"2023-02-19COLEDM","0.40984","0.41152","0.23202","0","0","1"
"2023-02-19MINNSH","0.52356","0.29851","0.23419","1","0","0"
"2023-02-19NJDWPG","0.43478","0.38462","0.23585","1","0","0"
"2023-02-19OTTSTL","0.51282","0.31546","0.22989","1","0","0"
"2023-02-20BOSOTT","0.68493","0.17921","0.19305","1","0","0"
"2023-02-20CGYPHI","0.59524","0.2439","0.21598","0","1","0"
"2023-02-20FLAANA","0.71429","0.16447","0.17513","0","0","1"
"2023-02-20NYRWPG","0.51546","0.30488","0.2331","0","1","0"
"2023-02-20PITNYI","0.49751","0.32787","0.23474","0","1","0"
"2023-02-20SJSSEA","0.32573","0.5","0.22936","1","0","0"
"2023-02-21BUFTOR","0.32051","0.51546","0.22222","0","1","0"
"2023-02-21CARSTL","0.68966","0.17391","0.19455","1","0","0"
"2023-02-21CHIVGK","0.22272","0.62893","0.20833","0","0","1"
"2023-02-21EDMPHI","0.65789","0.2008","0.19531","1","0","0"
"2023-02-21MINLAK","0.4386","0.37453","0.23753","1","0","0"
"2023-02-21NJDMTL","0.66667","0.18975","0.19841","0","1","0"
"2023-02-21NSHVAN","0.5102","0.32051","0.22523","0","0","1"
"2023-02-21TBLANA","0.75758","0.13477","0.16393","1","0","0"
"2023-02-21WSHDET","0.48544","0.33113","0.2381","0","1","0"
"2023-02-22ARICGY","0.26455","0.5814","0.21739","0","1","0"
"2023-02-22DALCHI","0.72464","0.15106","0.18416","0","1","0"
"2023-02-22NYIWPG","0.40323","0.40816","0.24814","1","0","0"
"2023-02-23CBJMIN","0.29326","0.53191","0.23041","0","1","0"
"2023-02-23DETNYR","0.33898","0.48544","0.23041","1","0","0"
"2023-02-23NJDLAK","0.4717","0.34843","0.23585","0","0","1"
"2023-02-23PITEDM","0.40816","0.42735","0.22075","0","1","0"
"2023-02-23SEABOS","0.30395","0.51546","0.23256","0","1","0"
"2023-02-23SJSNSH","0.39216","0.42918","0.23641","0","1","0"
"2023-02-23STLVAN","0.43668","0.3937","0.22624","0","0","1"
"2023-02-23TBLBUF","0.57803","0.2681","0.21231","0","0","1"
"2023-02-23VGKCGY","0.46083","0.36496","0.23256","0","0","1"
"2023-02-23WSHANA","0.66225","0.19763","0.19841","0","1","0"
"2023-02-24CAROTT","0.5988","0.2457","0.21368","1","0","0"
"2023-02-24FLABUF","0.55249","0.29412","0.21142","0","1","0"
"2023-02-24NYILAK","0.45249","0.36364","0.23981","0","1","0"
"2023-02-24PHIMTL","0.50505","0.32468","0.22936","0","1","0"
"2023-02-24TORMIN","0.55556","0.26667","0.22779","0","0","1"
"2023-02-24WPGCOL","0.41322","0.4","0.24213","0","1","0"
"2023-02-25CARANA","0.73529","0.14409","0.17422","0","1","0"
"2023-02-25CBJEDM","0.25126","0.5988","0.20534","1","0","0"
"2023-02-25COLCGY","0.42017","0.4","0.23529","1","0","0"
"2023-02-25DETTBL","0.30769","0.51813","0.22936","0","1","0"
"2023-02-25MTLOTT","0.31949","0.5102","0.22573","0","1","0"
"2023-02-25NJDPHI","0.64103","0.21368","0.20833","1","0","0"
"2023-02-25SJSCHI","0.55556","0.27473","0.22676","0","0","1"
"2023-02-25STLPIT","0.32051","0.50505","0.22936","0","0","1"
"2023-02-25VANBOS","0.22883","0.62112","0.20661","0","1","0"
"2023-02-25VGKDAL","0.42194","0.39062","0.24331","0","0","1"
"2023-02-25WSHNYR","0.33333","0.48544","0.23419","1","0","0"
"2023-02-26ARINSH","0.31949","0.50251","0.23256","0","1","0"
"2023-02-26BUFWSH","0.42553","0.39841","0.23202","1","0","0"
"2023-02-26MINCBJ","0.64103","0.20619","0.20833","0","0","1"
"2023-02-26NYRLAK","0.49751","0.32895","0.23148","1","0","0"
"2023-02-26PITTBL","0.41152","0.41152","0.23148","1","0","0"
"2023-02-26SEATOR","0.33898","0.4902","0.22883","0","1","0"
"2023-02-26WPGNYI","0.46948","0.34483","0.24038","0","1","0"
"2023-02-27ANACHI","0.45045","0.369","0.23641","1","0","0"
"2023-02-27COLVGK","0.4717","0.34247","0.2381","1","0","0"
"2023-02-27DALVAN","0.625","0.22573","0.21008","0","0","1"
"2023-02-27EDMBOS","0.38023","0.44643","0.22883","0","1","0"
"2023-02-27OTTDET","0.44843","0.37313","0.23474","1","0","0"
"2023-02-28ARICHI","0.53476","0.29326","0.22779","1","0","0"
"2023-02-28BUFCBJ","0.57471","0.27248","0.21186","0","1","0"
"2023-02-28CGYBOS","0.37736","0.44248","0.23753","0","0","1"
"2023-02-28MINNYI","0.47393","0.33445","0.24814","0","0","1"
"2023-02-28NSHPIT","0.36496","0.45249","0.23697","0","1","0"
"2023-02-28OTTDET","0.43668","0.38462","0.23364","1","0","0"
"2023-02-28SJSMTL","0.49751","0.33003","0.22779","0","1","0"
"2023-02-28STLSEA","0.3413","0.48309","0.23256","0","1","0"
"2023-02-28TBLFLA","0.52356","0.31646","0.22026","0","1","0"
"2023-02-28WPGLAK","0.45455","0.36232","0.2381","0","0","1"
"2023-03-01ANAWSH","0.27322","0.5618","0.22075","0","0","1"
"2023-03-01COLNJD","0.41667","0.40486","0.23866","0","1","0"
"2023-03-01DALARI","0.71429","0.16077","0.18868","1","0","0"
"2023-03-01EDMTOR","0.39841","0.42918","0.22624","1","0","0"
"2023-03-01PHINYR","0.25575","0.5814","0.2193","0","0","1"
"2023-03-01VGKCAR","0.33898","0.47847","0.23866","1","0","0"
"2023-03-02BOSBUF","0.63291","0.22371","0.20367","1","0","0"
"2023-03-02CGYTOR","0.44053","0.3861","0.23041","0","1","0"
"2023-03-02CHIDAL","0.22989","0.6135","0.21413","0","1","0"
"2023-03-02DETSEA","0.38462","0.4386","0.23474","0","0","1"
"2023-03-02FLANSH","0.57143","0.27322","0.21505","0","1","0"
"2023-03-02LAKMTL","0.60606","0.23697","0.21645","1","0","0"
"2023-03-02NYROTT","0.5","0.3367","0.22779","0","1","0"
"2023-03-02SJSSTL","0.43668","0.38023","0.23981","0","1","0"
"2023-03-02TBLPIT","0.50761","0.32362","0.22727","0","0","1"
"2023-03-02VANMIN","0.33003","0.49261","0.23256","0","1","0"
"2023-03-03ANAMTL","0.4329","0.38911","0.23697","1","0","0"
"2023-03-03ARICAR","0.17699","0.68493","0.19531","0","1","0"
"2023-03-03CBJSEA","0.33003","0.5102","0.22573","0","1","0"
"2023-03-03EDMWPG","0.51282","0.32051","0.22676","1","0","0"
"2023-03-03VGKNJD","0.40984","0.40816","0.23697","0","0","1"
"2023-03-04BOSNYR","0.51813","0.30303","0.23256","1","0","0"
"2023-03-04BUFTBL","0.33223","0.50761","0.2193","1","0","0"
"2023-03-04CGYMIN","0.49261","0.3268","0.23981","0","1","0"
"2023-03-04CHINSH","0.25316","0.5814","0.22371","0","1","0"
"2023-03-04DALCOL","0.42553","0.38911","0.24096","1","0","0"
"2023-03-04FLAPIT","0.46948","0.36232","0.22779","1","0","0"
"2023-03-04LAKSTL","0.56497","0.271","0.21978","1","0","0"
"2023-03-04NYIDET","0.54645","0.28329","0.22936","1","0","0"
"2023-03-04OTTCBJ","0.63291","0.22272","0.2008","1","0","0"
"2023-03-04SJSWSH","0.34247","0.48309","0.23202","0","1","0"
"2023-03-04VANTOR","0.27778","0.56497","0.21505","1","0","0"
"2023-03-04WPGEDM","0.4","0.42918","0.23202","1","0","0"
"2023-03-05ARINJD","0.1845","0.68027","0.1938","0","0","1"
"2023-03-05CARTBL","0.51546","0.3096","0.23095","1","0","0"
"2023-03-05COLSEA","0.50251","0.32573","0.22989","0","0","1"
"2023-03-05PHIDET","0.44053","0.37594","0.24038","1","0","0"
"2023-03-05VGKMTL","0.625","0.22472","0.20964","1","0","0"
"2023-03-06BUFEDM","0.33223","0.50761","0.21786","0","1","0"
"2023-03-06CHIOTT","0.22883","0.62112","0.20877","1","0","0"
"2023-03-06DALCGY","0.45045","0.3663","0.23981","0","1","0"
"2023-03-06LAKWSH","0.48077","0.3413","0.22989","1","0","0"
"2023-03-06VANNSH","0.4","0.41841","0.23753","0","0","1"
"2023-03-06WPGSJS","0.55866","0.27624","0.22173","0","0","1"
"2023-03-07ARISTL","0.34965","0.47619","0.23202","1","0","0"
"2023-03-07COLSJS","0.68027","0.18315","0.19268","1","0","0"
"2023-03-07FLAVGK","0.50505","0.33333","0.22573","1","0","0"
"2023-03-07MINCGY","0.48309","0.3367","0.23753","0","0","1"
"2023-03-07MTLCAR","0.18149","0.67568","0.19685","0","0","1"
"2023-03-07NJDTOR","0.46296","0.36765","0.22989","0","1","0"
"2023-03-07NYIBUF","0.52632","0.3012","0.22883","1","0","0"
"2023-03-07PITCBJ","0.65789","0.20492","0.20202","0","0","1"
"2023-03-07SEAANA","0.64935","0.20661","0.20284","1","0","0"
"2023-03-07TBLPHI","0.63694","0.21322","0.20661","1","0","0"
"2023-03-08DETCHI","0.59524","0.24631","0.22173","1","0","0"
"2023-03-08VANANA","0.6135","0.24631","0.20704","0","0","1"
"2023-03-08WPGMIN","0.4717","0.34965","0.24096","0","1","0"
"2023-03-09ARINSH","0.30581","0.52356","0.22936","1","0","0"
"2023-03-09BOSEDM","0.50761","0.32573","0.22676","0","1","0"
"2023-03-09BUFDAL","0.32051","0.51282","0.22883","0","1","0"
"2023-03-09CARPHI","0.70423","0.16667","0.18762","1","0","0"
"2023-03-09COLLAK","0.49751","0.32895","0.22989","0","1","0"
"2023-03-09MTLNYR","0.21692","0.63291","0.20619","0","0","1"
"2023-03-09PITNYI","0.47393","0.34843","0.23585","0","0","1"
"2023-03-09SEAOTT","0.45455","0.37879","0.22883","0","1","0"
"2023-03-09STLSJS","0.4902","0.33557","0.23095","1","0","0"
"2023-03-09TBLVGK","0.51813","0.30864","0.22831","0","0","1"
"2023-03-09WSHNJD","0.34364","0.4878","0.22779","0","0","1"
"2023-03-10CGYANA","0.70922","0.16722","0.18692","0","1","0"
"2023-03-10FLACHI","0.74074","0.14124","0.17212","0","0","1"
"2023-03-11BOSDET","0.70423","0.17007","0.18587","1","0","0"
"2023-03-11BUFNYR","0.32258","0.51282","0.22472","0","0","1"
"2023-03-11CARVGK","0.56818","0.2681","0.22272","0","1","0"
"2023-03-11CBJSTL","0.37736","0.45045","0.22831","0","1","0"
"2023-03-11COLARI","0.72464","0.15291","0.18018","0","0","1"
"2023-03-11FLAWPG","0.45455","0.37037","0.23041","0","0","1"
"2023-03-11LAKNSH","0.52632","0.3003","0.23095","0","0","1"
"2023-03-11MTLNJD","0.22624","0.62893","0.2079","0","1","0"
"2023-03-11NYIWSH","0.45455","0.36364","0.23697","0","1","0"
"2023-03-11PITPHI","0.62112","0.22676","0.2079","1","0","0"
"2023-03-11SEADAL","0.36765","0.45249","0.23474","0","0","1"
"2023-03-11SJSMIN","0.31646","0.50505","0.23697","0","1","0"
"2023-03-11TBLCHI","0.72993","0.14815","0.17513","1","0","0"
"2023-03-11TOREDM","0.44053","0.38911","0.22676","1","0","0"
"2023-03-11VANOTT","0.38023","0.45045","0.22624","1","0","0"
"2023-03-12ANANSH","0.32468","0.49505","0.23419","0","0","1"
"2023-03-12ARIMIN","0.27548","0.55556","0.22883","0","0","1"
"2023-03-12CGYOTT","0.53476","0.29851","0.22573","1","0","0"
"2023-03-12DETBOS","0.24938","0.59172","0.21739","1","0","0"
"2023-03-12NJDCAR","0.41322","0.40323","0.23753","1","0","0"
"2023-03-12PITNYR","0.45045","0.37453","0.23419","0","0","1"
"2023-03-12STLVGK","0.34843","0.48077","0.23041","0","1","0"
"2023-03-12TBLWPG","0.51813","0.30675","0.23148","0","1","0"
"2023-03-13MTLCOL","0.24096","0.60241","0.21459","0","1","0"
"2023-03-13SEADAL","0.38314","0.4386","0.23585","0","1","0"
"2023-03-13TORBUF","0.58824","0.2611","0.20921","0","1","0"
"2023-03-14ARICGY","0.23866","0.60241","0.21598","0","0","1"
"2023-03-14CARWPG","0.57803","0.25641","0.22371","1","0","0"
"2023-03-14CHIBOS","0.15015","0.72464","0.18382","1","0","0"
"2023-03-14EDMOTT","0.5814","0.26882","0.21008","1","0","0"
"2023-03-14LAKNYI","0.45662","0.35971","0.24331","1","0","0"
"2023-03-14NJDTBL","0.48077","0.34602","0.23202","0","1","0"
"2023-03-14NSHDET","0.47847","0.3413","0.2381","1","0","0"
"2023-03-14NYRWSH","0.52632","0.3003","0.22989","1","0","0"
"2023-03-14PHIVGK","0.29499","0.53763","0.22883","0","1","0"
"2023-03-14PITMTL","0.67568","0.18939","0.19455","0","1","0"
"2023-03-14SJSCBJ","0.4717","0.36101","0.22989","0","0","1"
"2023-03-14VANDAL","0.37736","0.45045","0.23256","1","0","0"
"2023-03-15ANANYI","0.27548","0.55556","0.22936","0","1","0"
"2023-03-15STLMIN","0.35714","0.46083","0.24155","0","1","0"
"2023-03-15TORCOL","0.47619","0.35211","0.23095","0","0","1"
"2023-03-15WSHBUF","0.45045","0.37453","0.22883","0","0","1"
"2023-03-16ARIVAN","0.34014","0.48544","0.23148","1","0","0"
"2023-03-16EDMDAL","0.49751","0.33003","0.22831","1","0","0"
"2023-03-16FLAMTL","0.68493","0.18553","0.19231","1","0","0"
"2023-03-16LAKCBJ","0.63694","0.21978","0.20325","1","0","0"
"2023-03-16NJDTBL","0.45872","0.3663","0.23474","0","0","1"
"2023-03-16NSHCHI","0.60606","0.23256","0.21834","0","1","0"
"2023-03-16NYRPIT","0.48077","0.34602","0.23095","1","0","0"
"2023-03-16OTTCOL","0.39841","0.4329","0.23202","0","1","0"
"2023-03-16SJSSEA","0.3125","0.52083","0.22573","0","0","1"
"2023-03-16VGKCGY","0.39841","0.42735","0.23981","0","1","0"
"2023-03-16WPGBOS","0.32895","0.49261","0.23474","0","1","0"
"2023-03-17ANACBJ","0.43668","0.39683","0.22779","1","0","0"
"2023-03-17PHIBUF","0.35971","0.46948","0.22936","1","0","0"
"2023-03-17TORCAR","0.42373","0.39683","0.23866","1","0","0"
"2023-03-17WSHSTL","0.53476","0.3096","0.22321","0","1","0"
"2023-03-18ARICHI","0.48077","0.34602","0.23753","1","0","0"
"2023-03-18CGYDAL","0.45045","0.3663","0.23981","0","0","1"
"2023-03-18DETCOL","0.30675","0.52083","0.23095","0","1","0"
"2023-03-18FLANJD","0.43668","0.39216","0.22779","1","0","0"
"2023-03-18LAKVAN","0.54945","0.2907","0.22371","0","0","1"
"2023-03-18MINBOS","0.32573","0.4902","0.23981","0","1","0"
"2023-03-18NSHWPG","0.35714","0.45662","0.24213","0","0","1"
"2023-03-18NYRPIT","0.48077","0.34364","0.23202","1","0","0"
"2023-03-18OTTTOR","0.3663","0.46512","0.22727","0","0","1"
"2023-03-18PHICAR","0.2457","0.59524","0.21739","0","0","1"
"2023-03-18SEAEDM","0.35088","0.48077","0.22573","0","1","0"
"2023-03-18SJSNYI","0.29412","0.54054","0.23041","0","1","0"
"2023-03-18TBLMTL","0.65789","0.20833","0.19493","1","0","0"
"2023-03-19ANAVAN","0.37594","0.45249","0.22883","0","1","0"
"2023-03-19BUFBOS","0.31447","0.51546","0.22727","0","1","0"
"2023-03-19MINWSH","0.46948","0.34843","0.23753","1","0","0"
"2023-03-19NYRNSH","0.57803","0.2584","0.22573","1","0","0"
"2023-03-19STLWPG","0.35461","0.4717","0.23095","1","0","0"
"2023-03-19TBLNJD","0.43103","0.3876","0.23585","0","1","0"
"2023-03-19VGKCBJ","0.64935","0.20619","0.2","1","0","0"
"2023-03-20COLCHI","0.6993","0.16502","0.19048","1","0","0"
"2023-03-20DETFLA","0.29851","0.53476","0.22272","0","1","0"
"2023-03-20EDMSJS","0.67114","0.19685","0.18975","0","0","1"
"2023-03-20LAKCGY","0.40486","0.40816","0.24038","1","0","0"
"2023-03-20PITOTT","0.5102","0.32573","0.22472","0","1","0"
"2023-03-21ANACGY","0.26385","0.57471","0.21882","0","1","0"
"2023-03-21BOSOTT","0.65789","0.20243","0.20121","1","0","0"
"2023-03-21BUFNSH","0.5","0.33003","0.22676","0","1","0"
"2023-03-21DALSEA","0.5102","0.32051","0.22989","0","0","1"
"2023-03-21MTLTBL","0.2381","0.60976","0.21008","1","0","0"
"2023-03-21NJDMIN","0.52632","0.3003","0.23041","0","0","1"
"2023-03-21NYITOR","0.38911","0.42735","0.24155","1","0","0"
"2023-03-21NYRCAR","0.43103","0.38462","0.24155","0","1","0"
"2023-03-21PHIFLA","0.33003","0.50251","0.22779","1","0","0"
"2023-03-21STLDET","0.48077","0.34965","0.22883","0","0","1"
"2023-03-21VANVGK","0.36364","0.46296","0.23148","0","1","0"
"2023-03-21WPGARI","0.64935","0.20833","0.20492","1","0","0"
"2023-03-21WSHCBJ","0.59524","0.25189","0.21186","0","0","1"
"2023-03-22COLPIT","0.4902","0.33557","0.23256","0","1","0"
"2023-03-22EDMARI","0.71942","0.15924","0.17606","0","0","1"
"2023-03-23ANAWPG","0.22371","0.62893","0.20921","0","1","0"
"2023-03-23BOSMTL","0.6993","0.17212","0.18762","1","0","0"
"2023-03-23CARNYR","0.47393","0.34483","0.23981","0","1","0"
"2023-03-23CGYVGK","0.4717","0.35211","0.23474","0","1","0"
"2023-03-23DALPIT","0.50505","0.32362","0.22936","1","0","0"
"2023-03-23DETSTL","0.44248","0.38168","0.23202","0","1","0"
"2023-03-23FLATOR","0.46083","0.36496","0.22883","0","1","0"
"2023-03-23NSHSEA","0.36496","0.45872","0.23585","0","0","1"
"2023-03-23OTTTBL","0.37594","0.45249","0.22831","1","0","0"
"2023-03-23PHIMIN","0.33223","0.4878","0.23753","0","0","1"
"2023-03-23VANSJS","0.52356","0.31348","0.2193","1","0","0"
"2023-03-23WSHCHI","0.62893","0.21598","0.21097","1","0","0"
"2023-03-24BUFNJD","0.31348","0.52356","0.22075","1","0","0"
"2023-03-24CBJNYI","0.26525","0.57143","0.22272","0","0","1"
"2023-03-24COLARI","0.71942","0.16026","0.18382","1","0","0"
"2023-03-25ANASTL","0.33113","0.49751","0.22779","0","1","0"
"2023-03-25BOSTBL","0.51546","0.31447","0.23202","1","0","0"
"2023-03-25CARTOR","0.47393","0.34722","0.23474","1","0","0"
"2023-03-25CGYSJS","0.63694","0.2193","0.2045","1","0","0"
"2023-03-25DALVAN","0.52632","0.30769","0.22472","0","1","0"
"2023-03-25EDMVGK","0.54645","0.29851","0.21552","0","0","1"
"2023-03-25FLANYR","0.47393","0.35587","0.22779","0","1","0"
"2023-03-25LAKWPG","0.4386","0.38168","0.2381","1","0","0"
"2023-03-25MINCHI","0.68027","0.17794","0.2","1","0","0"
"2023-03-25MTLCBJ","0.48544","0.34602","0.22779","1","0","0"
"2023-03-25NJDOTT","0.54945","0.28571","0.22222","1","0","0"
"2023-03-25NSHSEA","0.35842","0.46083","0.23753","0","1","0"
"2023-03-25NYIBUF","0.52083","0.31447","0.22727","0","1","0"
"2023-03-25PHIDET","0.45249","0.3663","0.23923","1","0","0"
"2023-03-25PITWSH","0.48077","0.34483","0.23041","1","0","0"
"2023-03-26ARICOL","0.22075","0.62893","0.20964","0","0","1"
"2023-03-26CARBOS","0.4717","0.34014","0.2445","0","0","1"
"2023-03-26CHIVAN","0.31746","0.51813","0.22831","0","1","0"
"2023-03-26LAKSTL","0.58824","0.25381","0.21552","1","0","0"
"2023-03-26NSHTOR","0.29412","0.53476","0.22779","0","1","0"
"2023-03-27ANACOL","0.23474","0.6135","0.20964","0","1","0"
"2023-03-27ARIEDM","0.21142","0.65359","0.19724","0","1","0"
"2023-03-27BUFMTL","0.5291","0.30581","0.22173","0","0","1"
"2023-03-27MINSEA","0.44444","0.37594","0.23923","1","0","0"
"2023-03-27NYINJD","0.37453","0.44444","0.2381","1","0","0"
"2023-03-27OTTFLA","0.34722","0.4878","0.22272","1","0","0"
"2023-03-28BOSNSH","0.64935","0.20661","0.20921","0","1","0"
"2023-03-28CARTBL","0.4717","0.34843","0.23981","0","1","0"
"2023-03-28CGYLAK","0.45662","0.36364","0.23641","1","0","0"
"2023-03-28CHIDAL","0.22173","0.62112","0.21505","0","1","0"
"2023-03-28DETPIT","0.3012","0.54054","0.22936","1","0","0"
"2023-03-28NYRCBJ","0.68493","0.18282","0.18797","1","0","0"
"2023-03-28PHIMTL","0.4878","0.34014","0.22989","1","0","0"
"2023-03-28SJSWPG","0.28329","0.54645","0.22727","1","0","0"
"2023-03-28STLVAN","0.40984","0.41667","0.23148","0","0","1"
"2023-03-28VGKEDM","0.40161","0.42373","0.22936","0","1","0"
"2023-03-29COLMIN","0.5","0.32468","0.24038","0","1","0"
"2023-03-29TORFLA","0.49751","0.33784","0.22422","0","0","1"
"2023-03-29WSHNYI","0.39526","0.42194","0.24213","0","0","1"
"2023-03-30BOSCBJ","0.73529","0.15175","0.17699","0","0","1"
"2023-03-30CHISTL","0.34247","0.48077","0.23256","0","1","0"
"2023-03-30DETCAR","0.26954","0.55866","0.22831","1","0","0"
"2023-03-30EDMLAK","0.52632","0.3125","0.22321","1","0","0"
"2023-03-30MTLFLA","0.2924","0.54645","0.21978","0","1","0"
"2023-03-30NJDNYR","0.46729","0.35088","0.23419","1","0","0"
"2023-03-30OTTPHI","0.52356","0.31056","0.22989","0","0","1"
"2023-03-30PITNSH","0.55249","0.28011","0.22523","1","0","0"
"2023-03-30SEAANA","0.69444","0.17857","0.18657","1","0","0"
"2023-03-30SJSVGK","0.30581","0.52632","0.22676","0","0","1"
"2023-03-30TBLWSH","0.54945","0.27933","0.22472","1","0","0"
"2023-03-31ARIDAL","0.2551","0.57803","0.22173","0","1","0"
"2023-03-31BUFNYR","0.34843","0.48309","0.22727","0","0","1"
"2023-03-31VANCGY","0.34965","0.47619","0.23095","0","0","1"
"2023-03-31WPGDET","0.59524","0.24038","0.21882","1","0","0"
"2023-04-01ARISJS","0.41152","0.41494","0.2331","0","1","0"
"2023-04-01CBJFLA","0.2457","0.60241","0.21008","0","1","0"
"2023-04-01CHINJD","0.19231","0.66225","0.20121","0","1","0"
"2023-04-01COLDAL","0.51282","0.31348","0.23041","1","0","0"
"2023-04-01EDMANA","0.74074","0.14663","0.1692","1","0","0"
"2023-04-01MTLCAR","0.23641","0.60976","0.21053","0","1","0"
"2023-04-01NSHSTL","0.4717","0.35088","0.23641","1","0","0"
"2023-04-01OTTTOR","0.33003","0.50761","0.22321","0","1","0"
"2023-04-01PHIBUF","0.43668","0.39683","0.22936","0","1","0"
"2023-04-01PITBOS","0.3876","0.4329","0.23364","0","1","0"
"2023-04-01SEALAK","0.41667","0.40816","0.23364","0","1","0"
"2023-04-01TBLNYI","0.4902","0.33557","0.23697","1","0","0"
"2023-04-01VGKMIN","0.41322","0.40323","0.23981","1","0","0"
"2023-04-02CARNYI","0.50505","0.31348","0.23866","1","0","0"
"2023-04-02CBJOTT","0.3003","0.53476","0.22026","0","0","1"
"2023-04-02CGYANA","0.75188","0.13755","0.16779","1","0","0"
"2023-04-02PITPHI","0.59524","0.2457","0.21739","1","0","0"
"2023-04-02STLBOS","0.26247","0.57471","0.22272","0","0","1"
"2023-04-02TORDET","0.5988","0.2451","0.21459","0","1","0"
"2023-04-02VANLAK","0.39841","0.43103","0.23641","0","1","0"
"2023-04-02WPGNJD","0.42017","0.40486","0.23474","1","0","0"
"2023-04-02WSHNYR","0.35842","0.46083","0.23529","0","1","0"
"2023-04-03DALNSH","0.56497","0.271","0.22727","1","0","0"
"2023-04-03MINVGK","0.46512","0.35336","0.23866","0","0","1"
"2023-04-03SEAARI","0.65359","0.2045","0.1996","1","0","0"
"2023-04-04CAROTT","0.60976","0.23474","0.21368","0","0","1"
"2023-04-04CGYCHI","0.70922","0.16155","0.18727","0","1","0"
"2023-04-04FLABUF","0.54054","0.3012","0.21645","1","0","0"
"2023-04-04LAKEDM","0.34483","0.48077","0.22779","0","1","0"
"2023-04-04MTLDET","0.3861","0.43668","0.23585","0","1","0"
"2023-04-04NJDPIT","0.51282","0.32051","0.22422","1","0","0"
"2023-04-04NSHVGK","0.33333","0.4878","0.23529","0","0","1"
"2023-04-04SJSCOL","0.24691","0.59524","0.21645","0","0","1"
"2023-04-04STLPHI","0.44248","0.38168","0.23364","1","0","0"
"2023-04-04TORCBJ","0.71429","0.16584","0.17889","1","0","0"
"2023-04-04VANSEA","0.41152","0.42373","0.23041","0","1","0"
"2023-04-05ANAEDM","0.20202","0.66667","0.1912","0","1","0"
"2023-04-05NYRTBL","0.4329","0.3861","0.24096","1","0","0"
"2023-04-05WPGCGY","0.46083","0.35842","0.23923","0","1","0"
"2023-04-06BOSTOR","0.47847","0.3413","0.23474","0","0","1"
"2023-04-06DALPHI","0.58824","0.24876","0.21882","1","0","0"
"2023-04-06DETBUF","0.41152","0.41667","0.22989","0","0","1"
"2023-04-06FLAOTT","0.59172","0.25575","0.20921","1","0","0"
"2023-04-06MTLWSH","0.32895","0.49751","0.23041","1","0","0"
"2023-04-06NJDCBJ","0.70423","0.16949","0.18083","1","0","0"
"2023-04-06NSHCAR","0.2849","0.53763","0.23529","1","0","0"
"2023-04-06NYITBL","0.4878","0.33445","0.23529","1","0","0"
"2023-04-06PITMIN","0.45455","0.369","0.23474","1","0","0"
"2023-04-06SEAARI","0.65789","0.2","0.1992","1","0","0"
"2023-04-06SJSCOL","0.2611","0.57803","0.21786","0","1","0"
"2023-04-06STLNYR","0.33003","0.5","0.22831","0","0","1"
"2023-04-06VANCHI","0.57471","0.26525","0.21739","1","0","0"
"2023-04-06VGKLAK","0.4386","0.38462","0.23585","1","0","0"
"2023-04-08ARIANA","0.48077","0.34602","0.23202","0","0","1"
"2023-04-08BOSNJD","0.48544","0.3367","0.23641","1","0","0"
"2023-04-08BUFCAR","0.31646","0.51282","0.22831","1","0","0"
"2023-04-08CBJNYR","0.21459","0.64103","0.2008","0","1","0"
"2023-04-08DALVGK","0.5","0.31847","0.23585","0","0","1"
"2023-04-08DETPIT","0.29851","0.53476","0.22272","0","1","0"
"2023-04-08LAKCOL","0.3876","0.4329","0.23923","0","1","0"
"2023-04-08MINSTL","0.5848","0.25126","0.22272","1","0","0"
"2023-04-08NYIPHI","0.61728","0.22371","0.21978","1","0","0"
"2023-04-08OTTTBL","0.35587","0.4717","0.22936","1","0","0"
"2023-04-08SEACHI","0.67568","0.18349","0.19763","1","0","0"
"2023-04-08SJSEDM","0.22222","0.63291","0.20121","0","1","0"
"2023-04-08TORMTL","0.66667","0.1938","0.19455","1","0","0"
"2023-04-08VANCGY","0.32258","0.51546","0.22831","0","0","1"
"2023-04-08WPGNSH","0.5291","0.2907","0.23585","1","0","0"
"2023-04-08WSHFLA","0.30581","0.53191","0.2193","0","1","0"
"2023-04-09ANACOL","0.20325","0.65789","0.19724","0","0","1"
"2023-04-09PHIBOS","0.25641","0.57803","0.22422","0","1","0"
"2023-04-10ARISEA","0.2551","0.59172","0.21552","0","1","0"
"2023-04-10CGYNSH","0.55249","0.27322","0.23148","0","0","1"
"2023-04-10CHIMIN","0.25445","0.57803","0.22371","0","1","0"
"2023-04-10DETDAL","0.30211","0.52356","0.23095","0","1","0"
"2023-04-10FLATOR","0.47619","0.34965","0.22779","0","0","1"
"2023-04-10LAKVAN","0.54348","0.28986","0.22472","1","0","0"
"2023-04-10NYRBUF","0.55556","0.28169","0.2193","0","0","1"
"2023-04-10OTTCAR","0.3003","0.5291","0.22676","1","0","0"
"2023-04-10WPGSJS","0.67114","0.18975","0.19881","1","0","0"
"2023-04-10WSHNYI","0.30769","0.51546","0.2381","1","0","0"
"2023-04-11ANAVAN","0.3413","0.49261","0.22727","0","1","0"
"2023-04-11BOSWSH","0.66225","0.19646","0.20325","1","0","0"
"2023-04-11CARDET","0.63291","0.21552","0.20921","1","0","0"
"2023-04-11COLEDM","0.40486","0.42017","0.23148","0","0","1"
"2023-04-11MINWPG","0.4329","0.38023","0.24331","0","1","0"
"2023-04-11NJDBUF","0.5848","0.26247","0.21186","1","0","0"
"2023-04-11PHICBJ","0.54348","0.29412","0.22124","0","0","1"
"2023-04-11PITCHI","0.75188","0.13755","0.17094","0","1","0"
"2023-04-11TBLTOR","0.55249","0.2809","0.22573","0","1","0"
"2023-04-11VGKSEA","0.49261","0.33333","0.22989","1","0","0"
"2023-04-12CGYSJS","0.5988","0.24814","0.21097","1","0","0"
"2023-04-12NYIMTL","0.66667","0.18797","0.20202","1","0","0"
"2023-04-12STLDAL","0.32787","0.50251","0.22883","0","1","0"
"2023-04-13ANALAK","0.24631","0.60241","0.21413","0","1","0"
"2023-04-13ARIVAN","0.33898","0.49261","0.22779","0","0","1"
"2023-04-13BUFOTT","0.46296","0.37175","0.22222","0","0","1"
"2023-04-13CBJPIT","0.26178","0.5814","0.21645","0","0","1"
"2023-04-13CHIPHI","0.40486","0.41322","0.2381","0","0","1"
"2023-04-13COLWPG","0.625","0.21505","0.21322","1","0","0"
"2023-04-13DALSTL","0.63291","0.21645","0.20661","1","0","0"
"2023-04-13EDMSJS","0.74627","0.14124","0.16502","1","0","0"
"2023-04-13FLACAR","0.41841","0.40161","0.23641","0","1","0"
"2023-04-13MTLBOS","0.20661","0.65359","0.19685","0","1","0"
"2023-04-13NSHMIN","0.47619","0.33784","0.2445","0","0","1"
"2023-04-13NYRTOR","0.46512","0.36232","0.23474","0","1","0"
"2023-04-13SEAVGK","0.41667","0.40161","0.23753","0","1","0"
"2023-04-13TBLDET","0.5814","0.25974","0.21552","1","0","0"
"2023-04-13WSHNJD","0.32573","0.50505","0.22676","0","0","1"
"2023-04-14CBJBUF","0.3096","0.53191","0.21834","0","1","0"
"2023-04-14NSHCOL","0.26596","0.56497","0.22472","0","1","0"
